Status,Campaign ID,Program,Domain,Payout,Type,Deeplink allowed,Affiliate link
Approved,817,Amazon India,amazon.in,3.17%,CPS,Yes,https://linksredirect.com/?cid=226556&source=api&url=https%3A%2F%2Fwww.amazon.in%2F
Approved,1,Flipkart,flipkart.com,6%,CPS,Yes,https://linksredirect.com/?cid=226556&source=api&url=https%3A%2F%2Fwww.flipkart.com
Approved,2398,Udemy,udemy.com,7.5%,CPS,Yes,https://linksredirect.com/?cid=226556&source=api&url=https%3A%2F%2Fwww.udemy.com%2F
Pre-approved (open),633,100% Pure,100percentpure.com,7.5%,CPS,Yes,https://linksredirect.com/?cid=226556&source=api&url=https%3A%2F%2Fwww.100percentpure.com%2F
Pre-approved (open),37773,1000books,1000books.de,0.13 INR,CPC,Yes,https://linksredirect.com/?cid=226556&source=api&url=https%3A%2F%2Fankauf.1000books.de%2F
Pre-approved (open),3614,12Go Asia,12go.asia,24%,CPS,Yes,https://linksredirect.com/?cid=226556&source=api&url=https%3A%2F%2F12go.asia%2Fen
Pre-approved (open),9633,24Bottles IT,24bottles.com,4.5%,CPS,Yes,https://linksredirect.com/?cid=226556&source=api&url=https%3A%2F%2F24bottles.com%2Fit
Pre-approved (open),15984,4finest,4finest.de,0.13 INR,CPC,Yes,https://linksredirect.com/?cid=226556&source=api&url=https%3A%2F%2Fwww.4finest.de
Pre-approved (open),18162,59caps,59caps.com,0.13 INR,CPC,Yes,https://linksredirect.com/?cid=226556&source=api&url=https%3A%2F%2Fwww.59caps.com
Pre-approved (open),5867,A-Premium Auto Parts,a-premium.com,7.13%,CPS,Yes,https://linksredirect.com/?cid=226556&source=api&url=https%3A%2F%2Fa-premium.com%2F
Pre-approved (open),3686,Aakash Institute,aakash.ac.in,165 INR,CPL,Yes,https://linksredirect.com/?cid=226556&source=api&url=https%3A%2F%2Fanthe.aakash.ac.in
Pre-approved (open),6457,abchome.com,abchome.com,0.75%,CPS,Yes,https://linksredirect.com/?cid=226556&source=api&url=https%3A%2F%2Fabchome.com%2F
Pre-approved (open),3826,AbeBooks,abebooks.com,3.15%,CPS,No,https://linksredirect.com/?cid=226556&source=api&url=https%3A%2F%2Fwww.abebooks.com%2F
Pre-approved (open),17629,Abracadabra NYC,abracadabranyc.com,7.5%,CPS,Yes,https://linksredirect.com/?cid=226556&source=api&url=https%3A%2F%2Fabracadabranyc.com%2F
Pre-approved (open),6970,Abritel,abritel.fr,1.5%,CPS,Yes,https://linksredirect.com/?cid=226556&source=api&url=https%3A%2F%2Fwww.abritel.fr
Pre-approved (open),6263,Absolute Home Textiles,absolutehometextiles.co.uk,1.5%,CPS,Yes,https://linksredirect.com/?cid=226556&source=api&url=https%3A%2F%2Fwww.absolutehometextiles.co.uk%2F
Pre-approved (open),73268,Accelerated Growth Studio,accelerated.digital,7.5%,CPS,Yes,https://linksredirect.com/?cid=226556&source=api&url=https%3A%2F%2Fwww.accelerated.digital%2F
Pre-approved (open),39905,accio,accio.com,0%,CPS,Yes,https://linksredirect.com/?cid=226556&source=api&url=https%3A%2F%2Fwww.accio.com
Pre-approved (open),4360,Acer,acer.com,2.63%,CPS,Yes,https://linksredirect.com/?cid=226556&source=api&url=https%3A%2F%2Fstore.acer.com%2Fen-in%2F
Pre-approved (open),21806,Acmetools,acmetools.com,1.2%,CPS,Yes,https://linksredirect.com/?cid=226556&source=api&url=https%3A%2F%2Fwww.acmetools.com%2F
Pre-approved (open),8403,Acorns Early - Kids Debit Card,acorns.com,518.72 INR,CPS,No,https://linksredirect.com/?cid=226556&source=api&url=https%3A%2F%2Fwww.acorns.com%2Fearly-affiliate-2%2F
Pre-approved (open),33305,ACTBEST EBike,actbestbike.com,2.25%,CPS,Yes,https://linksredirect.com/?cid=226556&source=api&url=https%3A%2F%2Factbestbike.com%2F
Pre-approved (open),14078,AdCreative.ai,adcreative.ai,22.5%,CPS,Yes,https://linksredirect.com/?cid=226556&source=api&url=https%3A%2F%2Fwww.adcreative.ai%2F
Pre-approved (open),37357,Adesivi Murali,adesivimurali.com,7.5%,CPS,Yes,https://linksredirect.com/?cid=226556&source=api&url=https%3A%2F%2Fwww.adesivimurali.com%2F
Pre-approved (open),5657,Adidas HK,adidas.com.hk,5.25%,CPS,Yes,https://linksredirect.com/?cid=226556&source=api&url=https%3A%2F%2Fwww.adidas.com.hk%2F
Pre-approved (open),5635,Adidas ID,adidas.co.id,3.15%,CPS,Yes,https://linksredirect.com/?cid=226556&source=api&url=https%3A%2F%2Fwww.adidas.co.id%2F
Pre-approved (open),5245,Adidas MY,adidas.com.my,3.15%,CPS,Yes,https://linksredirect.com/?cid=226556&source=api&url=https%3A%2F%2Fwww.adidas.com.my%2Fen
Pre-approved (open),5246,Adidas Singapore,adidas.com.sg,3.15%,CPS,Yes,https://linksredirect.com/?cid=226556&source=api&url=https%3A%2F%2Fwww.adidas.com.sg%2F
Pre-approved (open),6341,Adorama,adorama.com,0.99%,CPS,No,https://linksredirect.com/?cid=226556&source=api&url=https%3A%2F%2Fwww.adorama.com%2F
Pre-approved (open),37710,Adventuras,adventuras.in,4.5%,CPS,Yes,https://linksredirect.com/?cid=226556&source=api&url=https%3A%2F%2Fwww.adventuras.in%2F
Pre-approved (open),35743,Aerless,aerless.com,7.88%,CPS,Yes,https://linksredirect.com/?cid=226556&source=api&url=https%3A%2F%2Fwww.aerless.com
Pre-approved (open),37694,Afiliados Galícia Educação,galiciaeducacao.com.br,7.5%,CPS,Yes,https://linksredirect.com/?cid=226556&source=api&url=https%3A%2F%2Fgestao.galiciaeducacao.com.br
Pre-approved (open),37498,Agaro,agarolifestyle.com,5.25%,CPS,Yes,https://linksredirect.com/?cid=226556&source=api&url=https%3A%2F%2Fagarolifestyle.com%2F
Pre-approved (open),56868,Ageasy,ageasy.co.in,22.5%,CPS,Yes,https://linksredirect.com/?cid=226556&source=api&url=https%3A%2F%2Fageasy.co.in%2F
Pre-approved (open),39852,Agriden,agriden.it,4.5%,CPS,Yes,https://linksredirect.com/?cid=226556&source=api&url=https%3A%2F%2Fwww.agriden.it%2F
Pre-approved (open),29362,Air Doctor,air-dr.com,1485.14 INR,CPS,Yes,https://linksredirect.com/?cid=226556&source=api&url=https%3A%2F%2Fwww.air-dr.com%2Fwebapp%2F
Pre-approved (open),5622,Air India,airindia.com,375 INR,CPS,Yes,https://linksredirect.com/?cid=226556&source=api&url=https%3A%2F%2Fwww.airindia.com%2Fen%2Fbook-flights%2Fair-india-affiliate-flight-offers
Pre-approved (open),5195,Air India Express,airindiaexpress.com,168.75 INR,CPS,Yes,https://linksredirect.com/?cid=226556&source=api&url=https%3A%2F%2Fwww.airindiaexpress.com%2Fhome
Pre-approved (open),4847,Airalo WW,airalo.com,7.13%,CPS,Yes,https://linksredirect.com/?cid=226556&source=api&url=https%3A%2F%2Fwww.airalo.com
Pre-approved (open),2627,AirAsia Flights,airasia.com,1.13%,CPS,Yes,https://linksredirect.com/?cid=226556&source=api&url=https%3A%2F%2Fwww.airasia.com%2F
Pre-approved (open),33735,Aircall,aircall.io,4863.04 INR,CPS,Yes,https://linksredirect.com/?cid=226556&source=api&url=https%3A%2F%2Faircall.io%2F
Pre-approved (open),37662,Airia,airia.com,3.75%,CPS,Yes,https://linksredirect.com/?cid=226556&source=api&url=https%3A%2F%2Fairia.com%2F
Pre-approved (open),5281,Airpaz,airpaz.com,3%,CPS,Yes,https://linksredirect.com/?cid=226556&source=api&url=https%3A%2F%2Fwww.airpaz.com%2F
Pre-approved (open),7679,Airwallex,airwallex.com,20250 INR,CPS,Yes,https://linksredirect.com/?cid=226556&source=api&url=https%3A%2F%2Fwww.airwallex.com%2Fbusiness-account
Pre-approved (open),40781,AirZlink eSIM,airzlink.com,10.69%,CPS,Yes,https://linksredirect.com/?cid=226556&source=api&url=https%3A%2F%2Fwww.airzlink.com%2F
Pre-approved (open),36160,AiSDR,aisdr.com,7.5%,CPS,Yes,https://linksredirect.com/?cid=226556&source=api&url=https%3A%2F%2Faisdr.com%2F
Pre-approved (open),77100,Aisle,aisle.studio,22.5%,CPS,Yes,https://linksredirect.com/?cid=226556&source=api&url=https%3A%2F%2Faisle.studio%2F
Pre-approved (open),9568,Ajio Gram,ajio.com,9%,CPS,No,https://linksredirect.com/?cid=226556&source=api&url=https%3A%2F%2Fajiogram.ajio.com%2F
Pre-approved (open),4898,Ajmal Perfumes,ajmal.com,2.63%,CPS,No,https://linksredirect.com/?cid=226556&source=api&url=https%3A%2F%2Fin.ajmal.com%2F
Pre-approved (open),57507,Akasa Air,akasaair.com,180 INR,CPS,No,https://linksredirect.com/?cid=226556&source=api&url=https%3A%2F%2Fwww.akasaair.com%2F
Pre-approved (open),2981,Alamy,alamy.com,6%,CPS,Yes,https://linksredirect.com/?cid=226556&source=api&url=https%3A%2F%2Fwww.alamy.com%2F
Pre-approved (open),6614,Alfabank,alfabank.ru,21.4 INR,CPS,Yes,https://linksredirect.com/?cid=226556&source=api&url=https%3A%2F%2Fwww.alfabank.ru
Pre-approved (open),3971,Alibaba,alibaba.com,5.78%,CPS,Yes,https://linksredirect.com/?cid=226556&source=api&url=https%3A%2F%2Foffer.alibaba.com%2F
Pre-approved (open),4730,Alibris,alibris.com,3.75%,CPS,No,https://linksredirect.com/?cid=226556&source=api&url=https%3A%2F%2Fwww.alibris.com%2F
Pre-approved (open),763,AliExpress,aliexpress.com,6.75%,CPS,No,https://linksredirect.com/?cid=226556&source=api&url=https%3A%2F%2Fwww.aliexpress.com%2F
Pre-approved (open),58205,Aliexpress FR,aliexpress.com,9%,CPS,Yes,https://linksredirect.com/?cid=226556&source=api&url=https%3A%2F%2Ffr.aliexpress.com%2F
Pre-approved (open),46119,Alison US CA,alison.com,12%,CPS,Yes,https://linksredirect.com/?cid=226556&source=api&url=https%3A%2F%2Falison.com
Pre-approved (open),33524,Alivinghome,alivinghome.com,4.27%,CPS,Yes,https://linksredirect.com/?cid=226556&source=api&url=https%3A%2F%2Falivinghome.com%2F
Pre-approved (open),11144,All Man,allman.in,37.5%,CPS,Yes,https://linksredirect.com/?cid=226556&source=api&url=https%3A%2F%2Fallman.in%2F
Pre-approved (open),5636,All Online TH,7eleven.co.th,0.52%,CPS,Yes,https://linksredirect.com/?cid=226556&source=api&url=https%3A%2F%2Fwww.allonline.7eleven.co.th%2F
Pre-approved (open),5472,ALLPOWERS,iallpowers.com,3.75%,CPS,Yes,https://linksredirect.com/?cid=226556&source=api&url=https%3A%2F%2Fiallpowers.com%2F
Pre-approved (open),42568,Alohi Fax Plus,fax.plus,1296.81 INR,CPS,Yes,https://linksredirect.com/?cid=226556&source=api&url=https%3A%2F%2Fwww.fax.plus%2F
Pre-approved (open),29884,AlorairCrawlspace,aloraircrawlspace.com,9.75%,CPS,Yes,https://linksredirect.com/?cid=226556&source=api&url=https%3A%2F%2Fwww.aloraircrawlspace.com
Pre-approved (open),26032,Alva-cookware,alva-cookware.us,7.5%,CPS,Yes,https://linksredirect.com/?cid=226556&source=api&url=https%3A%2F%2Fwww.alva-cookware.us
Pre-approved (open),20273,Amandahairs,amandahairs.com,7.5%,CPS,Yes,https://linksredirect.com/?cid=226556&source=api&url=https%3A%2F%2Fwww.amandahairs.com
Pre-approved (open),30194,Ambrosiasys,ambrosiasys.com,18.75%,CPS,Yes,https://linksredirect.com/?cid=226556&source=api&url=https%3A%2F%2Fwww.ambrosiasys.com%2F
Pre-approved (open),5650,American Eagle AU,americaneagle.com.au,4.2%,CPS,Yes,https://linksredirect.com/?cid=226556&source=api&url=https%3A%2F%2Famericaneagle.com.au%2Fen-au%2F
Pre-approved (open),4986,American Eagle HK,aeo.com.hk,4.2%,CPS,Yes,https://linksredirect.com/?cid=226556&source=api&url=https%3A%2F%2Faeo.com.hk%2Fen-hk%2F
Pre-approved (open),5651,American Eagle MY,aeo.com.my,4.2%,CPS,Yes,https://linksredirect.com/?cid=226556&source=api&url=https%3A%2F%2Faeo.com.my%2Fen-my%2F
Pre-approved (open),4511,American Eagle SG,aeo.com.sg,4.2%,CPS,Yes,https://linksredirect.com/?cid=226556&source=api&url=https%3A%2F%2Faeo.com.sg%2Fen-sg%2F
Pre-approved (open),13566,AMIRO,amirobeauty.com,7.5%,CPS,Yes,https://linksredirect.com/?cid=226556&source=api&url=https%3A%2F%2Famirobeauty.com%2F
Pre-approved (open),18485,Amplify Ventures,ifaxapp.com,7.5%,CPS,Yes,https://linksredirect.com/?cid=226556&source=api&url=https%3A%2F%2Fwww.ifaxapp.com
Pre-approved (open),58564,Anagara DE,angara.com,2.25%,CPS,Yes,https://linksredirect.com/?cid=226556&source=api&url=http%3A%2F%2Fangara.com%2Fde%2F
Pre-approved (open),13297,Anantara,anantara.com,1.58%,CPS,Yes,https://linksredirect.com/?cid=226556&source=api&url=https%3A%2F%2Fwww.anantara.com
Pre-approved (open),9545,Andyanand - US,andyanand.com,7.5%,CPS,Yes,https://linksredirect.com/?cid=226556&source=api&url=https%3A%2F%2Fandyanand.com%2F
Pre-approved (open),58563,Angara AU,angara.com,2.25%,CPS,Yes,https://linksredirect.com/?cid=226556&source=api&url=http%3A%2F%2Fangara.com%2Fau-en%2F
Pre-approved (open),58565,Angara CA,angara.com,2.25%,CPS,Yes,https://linksredirect.com/?cid=226556&source=api&url=http%3A%2F%2Fangara.com%2Fca-en%2Fc%2Fjewellery
Pre-approved (open),78564,Angara IN,angara.com,3.75%,CPS,Yes,https://linksredirect.com/?cid=226556&source=api&url=https%3A%2F%2Fwww.angara.com%2Fin-en
Pre-approved (open),9567,Angara United Kingdom,angara.com,9.75%,CPS,No,https://linksredirect.com/?cid=226556&source=api&url=https%3A%2F%2Fwww.angara.com%2Fuk-en
Pre-approved (open),6099,Angara United States,angara.com,0.75%,CPS,No,https://linksredirect.com/?cid=226556&source=api&url=https%3A%2F%2Fwww.angara.com%2Fc%2Fjewelry
Pre-approved (open),6775,Anine Bing,aninebing.com,1.5%,CPS,Yes,https://linksredirect.com/?cid=226556&source=api&url=https%3A%2F%2Fwww.aninebing.com%2F
Pre-approved (open),6624,Anker,anker.com,6%,CPS,Yes,https://linksredirect.com/?cid=226556&source=api&url=https%3A%2F%2Fwww.anker.com
Pre-approved (open),7880,Anker CA,anker.com,3.75%,CPS,Yes,https://linksredirect.com/?cid=226556&source=api&url=https%3A%2F%2Fwww.anker.com%2Fca
Pre-approved (open),5663,Annie cloth,anniecloth.com,8.55%,CPS,Yes,https://linksredirect.com/?cid=226556&source=api&url=https%3A%2F%2Fanniecloth.com%2F
Pre-approved (open),74211,Antigravity,antigravity.tech,1.05%,CPS,Yes,https://linksredirect.com/?cid=226556&source=api&url=https%3A%2F%2Fwww.antigravity.tech%2F
Pre-approved (open),80707,Antinorm,antinorm.co,13.5%,CPS,Yes,https://linksredirect.com/?cid=226556&source=api&url=https%3A%2F%2Fantinorm.co%2F
Pre-approved (open),73460,Antiwash,antiwash.com,15%,CPS,Yes,https://linksredirect.com/?cid=226556&source=api&url=https%3A%2F%2Fwww.antiwash.com
Pre-approved (open),11107,Antler Australia,antler.com.au,2.63%,CPS,Yes,https://linksredirect.com/?cid=226556&source=api&url=https%3A%2F%2Fwww.antler.com.au%2F
Pre-approved (open),6372,AOMEI & MultCloud Performance Marketing Prgm,aomeitech.com,22.5%,CPS,Yes,https://linksredirect.com/?cid=226556&source=api&url=https%3A%2F%2Fwww.aomeitech.com%2Flanding%2Fqd-24hour-flash-sale-cb.html
Pre-approved (open),32901,Aosu Life,aosulife.com,7.5%,CPS,Yes,https://linksredirect.com/?cid=226556&source=api&url=https%3A%2F%2Fwww.aosulife.com%2F
Pre-approved (open),6823,Apex hotels - UK,apexhotels.co.uk,1.5%,CPS,Yes,https://linksredirect.com/?cid=226556&source=api&url=https%3A%2F%2Fwww.apexhotels.co.uk%2F
Pre-approved (open),11908,Apollo.io,apollo.io,12968.1 INR,CPS,Yes,https://linksredirect.com/?cid=226556&source=api&url=https%3A%2F%2Fwww.apollo.io%2F
Pre-approved (open),46253,Apolosign,apolosign.com,7.5%,CPS,Yes,https://linksredirect.com/?cid=226556&source=api&url=https%3A%2F%2Fwww.apolosign.com%2F
Pre-approved (open),58583,Aporro,aporro.com,4.5%,CPS,Yes,https://linksredirect.com/?cid=226556&source=api&url=https%3A%2F%2Fwww.aporro.com%2F
Pre-approved (open),6271,appsumo,appsumo.com,52.5%,CPS,Yes,https://linksredirect.com/?cid=226556&source=api&url=https%3A%2F%2Fwww.appsumo.com
Pre-approved (open),18493,Appypie,appypie.com,22.5%,CPS,Yes,https://linksredirect.com/?cid=226556&source=api&url=https%3A%2F%2Fwww.appypie.com
Pre-approved (open),58251,Aptekiplus RU,aptekiplus.ru,0.2%,CPS,Yes,https://linksredirect.com/?cid=226556&source=api&url=https%3A%2F%2Faptekiplus.ru%2F
Pre-approved (open),37489,Aramya,aramya.in,7.5%,CPS,Yes,https://linksredirect.com/?cid=226556&source=api&url=https%3A%2F%2Faramya.in%2F
Pre-approved (open),19931,Ares Travel,arestravel.com,0.75%,CPS,Yes,https://linksredirect.com/?cid=226556&source=api&url=https%3A%2F%2Freservations.arestravel.com%2F
Pre-approved (open),25763,Arzopa,arzopa.com,6%,CPS,Yes,https://linksredirect.com/?cid=226556&source=api&url=https%3A%2F%2Fwww.arzopa.com
Pre-approved (open),6346,ASAP tickets,asaptickets.com,6%,CPS,Yes,https://linksredirect.com/?cid=226556&source=api&url=https%3A%2F%2Fwww.asaptickets.com%2F
Pre-approved (open),9275,Asebbo,asebbo.com,7.13%,CPS,No,https://linksredirect.com/?cid=226556&source=api&url=https%3A%2F%2Fasebbo.com%2F
Pre-approved (open),46316,ASMAX,asmaxworld.com,7.5%,CPS,Yes,https://linksredirect.com/?cid=226556&source=api&url=https%3A%2F%2Fwww.asmaxworld.com%2F
Pre-approved (open),6777,Asseia - US,asseia.com,15%,CPS,Yes,https://linksredirect.com/?cid=226556&source=api&url=https%3A%2F%2Fwww.asseia.com%2F
Pre-approved (open),6501,Asteria Hair,asteriahair.com,2.25%,CPS,Yes,https://linksredirect.com/?cid=226556&source=api&url=https%3A%2F%2Fwww.asteriahair.com%2F
Pre-approved (open),11211,Asus India,asus.com,1.58%,CPS,Yes,https://linksredirect.com/?cid=226556&source=api&url=https%3A%2F%2Fwww.asus.com%2Fin%2Fstore%2F
Pre-approved (open),11108,ASUS Indonesia,asus.com,1.58%,CPS,Yes,https://linksredirect.com/?cid=226556&source=api&url=https%3A%2F%2Fid.store.asus.com%2F
Pre-approved (open),9555,Atlantis Sleep,atlantissleep.com.au,4.5%,CPS,Yes,https://linksredirect.com/?cid=226556&source=api&url=https%3A%2F%2Fatlantissleep.com.au%2F
Pre-approved (open),19957,ATLRx,atlrx.com,742.57 INR,CPS,Yes,https://linksredirect.com/?cid=226556&source=api&url=https%3A%2F%2Fwww.atlrx.com
Pre-approved (open),12862,Attractiontickets,attractiontickets.com,1.05%,CPS,No,https://linksredirect.com/?cid=226556&source=api&url=https%3A%2F%2Fwww.attractiontickets.com
Pre-approved (open),4800,AU Bank Credit Card CPL,bank.in,1950 INR,CPL,No,https://linksredirect.com/?cid=226556&source=api&url=https%3A%2F%2Fcconboarding.au.bank.in%2Fauccself%2F
Pre-approved (open),6482,AudiobooksNow,audiobooksnow.com,6%,CPS,Yes,https://linksredirect.com/?cid=226556&source=api&url=https%3A%2F%2Fwww.audiobooksnow.com%2F
Pre-approved (open),4970,Australia Luxe Co,australialuxeco.com,7.5%,CPS,No,https://linksredirect.com/?cid=226556&source=api&url=https%3A%2F%2Faustralialuxeco.com%2F
Pre-approved (open),9593,Autodoc IT,auto-doc.it,7.5%,CPS,Yes,https://linksredirect.com/?cid=226556&source=api&url=https%3A%2F%2Fwww.auto-doc.it%2F
Pre-approved (open),11135,Autodoc UK,autodoc.co.uk,7.5%,CPS,Yes,https://linksredirect.com/?cid=226556&source=api&url=https%3A%2F%2Fwww.autodoc.co.uk%2F
Pre-approved (open),30947,Autofull US,autofull.com,6%,CPS,Yes,https://linksredirect.com/?cid=226556&source=api&url=https%3A%2F%2Fwww.autofull.com%2F
Pre-approved (open),5123,Avid,avid.com,8.55%,CPS,Yes,https://linksredirect.com/?cid=226556&source=api&url=https%3A%2F%2Fwww.avid.com%2F
Pre-approved (open),9605,Avidlove,avidlove.com,7.13%,CPS,Yes,https://linksredirect.com/?cid=226556&source=api&url=https%3A%2F%2Favidlove.com%2F
Pre-approved (open),6140,Avis Car Rental - US,avis.com,0.98%,CPS,Yes,https://linksredirect.com/?cid=226556&source=api&url=https%3A%2F%2Fwww.avis.com%2Fen%2Fhome
Pre-approved (open),8596,Avon,avon.co.in,21.38%,CPS,Yes,https://linksredirect.com/?cid=226556&source=api&url=https%3A%2F%2Fwww.avon.co.in%2F
Pre-approved (open),8329,AWOL Vision,awolvision.com,3.75%,CPS,Yes,https://linksredirect.com/?cid=226556&source=api&url=https%3A%2F%2Fawolvision.com%2F
Pre-approved (open),4615,Axis Credit Card CPL,bank.in,187127 INR,CPL,No,https://linksredirect.com/?cid=226556&source=api&url=https%3A%2F%2Fweb.axis.bank.in%2FDigitalChannel%2FWebForm%2F
Pre-approved (open),6490,B-Vibe,bvibe.com,6.75%,CPS,Yes,https://linksredirect.com/?cid=226556&source=api&url=https%3A%2F%2Fwww.bvibe.com%2F
Pre-approved (open),4658,B2S Online Book Fair,b2s.co.th,4.2%,CPS,Yes,https://linksredirect.com/?cid=226556&source=api&url=https%3A%2F%2Fwww.b2s.co.th%2F
Pre-approved (open),8581,Baby Central - HK,babycentral.com.hk,4.35%,CPS,Yes,https://linksredirect.com/?cid=226556&source=api&url=https%3A%2F%2Fbabycentral.com.hk%2F
Pre-approved (open),13905,Babydeepsleep,babydeepsleep.com,7.5%,CPS,Yes,https://linksredirect.com/?cid=226556&source=api&url=https%3A%2F%2Fbabydeepsleep.com%2Fen
Pre-approved (open),36374,BabyForest,babyforest.in,7.5%,CPS,Yes,https://linksredirect.com/?cid=226556&source=api&url=https%3A%2F%2Fwww.babyforest.in%2F
Pre-approved (open),40583,Babymarkt DE,babymarkt.com,3.75%,CPS,Yes,https://linksredirect.com/?cid=226556&source=api&url=https%3A%2F%2Fwww.babymarkt.com%2Fde
Pre-approved (open),6566,Bacca Bucci,baccabucci.com,8.1%,CPS,Yes,https://linksredirect.com/?cid=226556&source=api&url=https%3A%2F%2Fbaccabucci.com%2F
Pre-approved (open),9141,Backfireboards,backfireboards.com,2.25%,CPS,Yes,https://linksredirect.com/?cid=226556&source=api&url=https%3A%2F%2Fwww.backfireboards.com
Pre-approved (open),12022,Baidyanath,baidyanathayurved.com,6.75%,CPS,No,https://linksredirect.com/?cid=226556&source=api&url=https%3A%2F%2Fwww.baidyanathayurved.com%2F
Pre-approved (open),5483,Bake Me A Wish US,bakemeawish.com,6%,CPS,Yes,https://linksredirect.com/?cid=226556&source=api&url=https%3A%2F%2Fwww.bakemeawish.com%2F
Pre-approved (open),35646,baleaf,baleaf.com,9.75%,CPS,Yes,https://linksredirect.com/?cid=226556&source=api&url=https%3A%2F%2Fwww.baleaf.com
Pre-approved (open),56703,Bamboo Cool,bamboocoolapparel.com,11.25%,CPS,Yes,https://linksredirect.com/?cid=226556&source=api&url=https%3A%2F%2Fbamboocoolapparel.com
Pre-approved (open),2757,Banggood,banggood.com,4.99%,CPS,No,https://linksredirect.com/?cid=226556&source=api&url=https%3A%2F%2Fwww.banggood.com%2F
Pre-approved (open),3860,Banggood India,banggood.in,9.75%,CPS,No,https://linksredirect.com/?cid=226556&source=api&url=https%3A%2F%2Fwww.banggood.in%2F
Pre-approved (open),4770,Bank of Baroda Credit Card,bobcard.tech,975 INR,CPL,No,https://linksredirect.com/?cid=226556&source=api&url=https%3A%2F%2Fmycard.bobcard.tech%2F
Pre-approved (open),78563,BARE by REVA,barebyreva.com,15%,CPS,Yes,https://linksredirect.com/?cid=226556&source=api&url=https%3A%2F%2Fbarebyreva.com%2F
Pre-approved (open),5860,Bark - US,bark.com,6 INR,CPS,Yes,https://linksredirect.com/?cid=226556&source=api&url=https%3A%2F%2Fwww.bark.com%2Fen%2Fgb%2F
Pre-approved (open),34178,Barnesmith,barnesmith.com,11.25%,CPS,Yes,https://linksredirect.com/?cid=226556&source=api&url=https%3A%2F%2Fbarnesmith.com%2F
Pre-approved (open),36981,Barse Jewelry,barse.com,11.25%,CPS,Yes,https://linksredirect.com/?cid=226556&source=api&url=https%3A%2F%2Fwww.barse.com%2F
Pre-approved (open),7325,Baruni,baruni.co.uk,7.5%,CPS,Yes,https://linksredirect.com/?cid=226556&source=api&url=https%3A%2F%2Fwww.baruni.co.uk%2F
Pre-approved (open),7034,Base Blu,baseblu.com,4.5%,CPS,Yes,https://linksredirect.com/?cid=226556&source=api&url=https%3A%2F%2Fwww.baseblu.com
Pre-approved (open),11872,Bask Bear Coffee,baskbear.com,3.75%,CPS,Yes,https://linksredirect.com/?cid=226556&source=api&url=https%3A%2F%2Fwww.baskbear.com%2F
Pre-approved (open),7896,Baskits,baskits.com,3.75%,CPS,Yes,https://linksredirect.com/?cid=226556&source=api&url=https%3A%2F%2Fbaskits.com%2F
Pre-approved (open),47790,BaubleBox,baublebox.com,2.25%,CPS,Yes,https://linksredirect.com/?cid=226556&source=api&url=https%3A%2F%2Fbaublebox.com%2F
Pre-approved (open),36130,Bcengi,bcengi.com,10.69%,CPS,Yes,https://linksredirect.com/?cid=226556&source=api&url=https%3A%2F%2Fwww.bcengi.com%2F
Pre-approved (open),56695,Beautiful AI,beautiful.ai,22.5%,CPS,Yes,https://linksredirect.com/?cid=226556&source=api&url=https%3A%2F%2Fwww.beautiful.ai%2Faipresentationmakertool-ui
Pre-approved (open),5089,Beauty The Shop DE,beautytheshop.com,742.57 INR,CPS,Yes,https://linksredirect.com/?cid=226556&source=api&url=https%3A%2F%2Fwww.beautytheshop.com%2Fde%2F
Pre-approved (open),5132,Beauty The Shop UK,beautytheshop.com,3.75%,CPS,Yes,https://linksredirect.com/?cid=226556&source=api&url=https%3A%2F%2Fwww.beautytheshop.com%2Fuk%2F
Pre-approved (open),5713,Beautynstyle,beautynstyle.co.uk,6%,CPS,Yes,https://linksredirect.com/?cid=226556&source=api&url=https%3A%2F%2Fwww.beautynstyle.co.uk%2F
Pre-approved (open),24955,Bee-link,bee-link.com,3%,CPS,Yes,https://linksredirect.com/?cid=226556&source=api&url=https%3A%2F%2Fwww.bee-link.com%2F
Pre-approved (open),5418,Beginning Boutique AU,beginningboutique.com.au,3.56%,CPS,Yes,https://linksredirect.com/?cid=226556&source=api&url=https%3A%2F%2Fwww.beginningboutique.com.au%2F
Pre-approved (open),33515,Belffin,belffin.com,4.27%,CPS,Yes,https://linksredirect.com/?cid=226556&source=api&url=https%3A%2F%2Fbelffin.com%2F
Pre-approved (open),4384,Bella Vita,bellavitaorganic.com,12%,CPS,Yes,https://linksredirect.com/?cid=226556&source=api&url=https%3A%2F%2Fbellavitaorganic.com%2F
Pre-approved (open),5484,Bellezeke,bellezeke.com,1.42%,CPS,Yes,https://linksredirect.com/?cid=226556&source=api&url=https%3A%2F%2Fwww.bellezeke.com%2F
Pre-approved (open),6695,Bellroy,bellroy.com,4.73%,CPS,No,https://linksredirect.com/?cid=226556&source=api&url=https%3A%2F%2Fwww.bellroy.com
Pre-approved (open),5432,Berlook,berlook.com,9%,CPS,Yes,https://linksredirect.com/?cid=226556&source=api&url=https%3A%2F%2Fwww.berlook.com%2F
Pre-approved (open),5291,Bernardelli Store,bernardellistores.com,4.5%,CPS,Yes,https://linksredirect.com/?cid=226556&source=api&url=https%3A%2F%2Fwww.bernardellistores.com%2Fen
Pre-approved (open),3725,Best Buy,bestbuy.com,0.32%,CPS,Yes,https://linksredirect.com/?cid=226556&source=api&url=https%3A%2F%2Fwww.bestbuy.com%2F
Pre-approved (open),4309,Best Choice Products,bestchoiceproducts.com,7.5%,CPS,Yes,https://linksredirect.com/?cid=226556&source=api&url=https%3A%2F%2Fbestchoiceproducts.com%2F
Pre-approved (open),11572,Bestandless,bestandless.com.au,1.58%,CPS,Yes,https://linksredirect.com/?cid=226556&source=api&url=https%3A%2F%2Fwww.bestandless.com.au
Pre-approved (open),47885,Betckey,betckey.com,9%,CPS,Yes,https://linksredirect.com/?cid=226556&source=api&url=https%3A%2F%2Fbetckey.com%2Fcollections%2Fdymo
Pre-approved (open),1918,Bewakoof,bewakoof.com,11.55%,CPS,Yes,https://linksredirect.com/?cid=226556&source=api&url=https%3A%2F%2Fwww.bewakoof.com%2F
Pre-approved (open),2172,Biba,biba.in,6%,CPS,Yes,https://linksredirect.com/?cid=226556&source=api&url=https%3A%2F%2Fwww.biba.in
Pre-approved (open),11174,Big Muscles,bigmusclesnutrition.com,3%,CPS,No,https://linksredirect.com/?cid=226556&source=api&url=https%3A%2F%2Fwww.bigmusclesnutrition.com%2F
Pre-approved (open),47913,Big Wall Decor (US),bigwalldecor.com,7.5%,CPS,Yes,https://linksredirect.com/?cid=226556&source=api&url=https%3A%2F%2Fbigwalldecor.com%2F
Pre-approved (open),22447,Bigbatbox,bigbatbox.com,10.69%,CPS,Yes,https://linksredirect.com/?cid=226556&source=api&url=https%3A%2F%2Fwww.bigbatbox.com%2F
Pre-approved (open),27868,Bigcashweb,bigcashweb.com,10.5 INR,CPS,Yes,https://linksredirect.com/?cid=226556&source=api&url=https%3A%2F%2Fwww.bigcashweb.com
Pre-approved (open),37401,BigJoe,buybigjoe.com,2.25%,CPS,Yes,https://linksredirect.com/?cid=226556&source=api&url=https%3A%2F%2Fbuybigjoe.com%2F
Pre-approved (open),18,BigRock,bigrock.in,35.63%,CPS,Yes,https://linksredirect.com/?cid=226556&source=api&url=https%3A%2F%2Fwww.bigrock.in
Pre-approved (open),36210,BILL,bill.com,1296.81 INR,CPS,Yes,https://linksredirect.com/?cid=226556&source=api&url=https%3A%2F%2Fwww.bill.com%2F
Pre-approved (open),27775,BINGE Movies & TV,trybinge.tv,427.5 INR,CPS,Yes,https://linksredirect.com/?cid=226556&source=api&url=https%3A%2F%2Ftrybinge.tv%2F
Pre-approved (open),25731,"BIQU Technology Co., Ltd.",biqu.equipment,6%,CPS,Yes,https://linksredirect.com/?cid=226556&source=api&url=https%3A%2F%2Fwww.biqu.equipment
Pre-approved (open),3965,Birdsnest,birdsnest.com.au,6%,CPS,Yes,https://linksredirect.com/?cid=226556&source=api&url=https%3A%2F%2Fwww.birdsnest.com.au%2F
Pre-approved (open),47951,BISSELL UK,bissell.co.uk,2.25%,CPS,Yes,https://linksredirect.com/?cid=226556&source=api&url=https%3A%2F%2Fwww.bissell.co.uk%2F
Pre-approved (open),78710,Bitscale,bitscale.ai,15%,CPS,Yes,https://linksredirect.com/?cid=226556&source=api&url=https%3A%2F%2Fbitscale.ai%2F
Pre-approved (open),27281,BKWAT,bkwat.com,18%,CPS,Yes,https://linksredirect.com/?cid=226556&source=api&url=https%3A%2F%2Fbkwat.com
Pre-approved (open),39896,Bla Bli Blu,blabliblulife.com,9.75%,CPS,Yes,https://linksredirect.com/?cid=226556&source=api&url=https%3A%2F%2Fblabliblulife.com%2F
Pre-approved (open),6484,BLACK+DECKER,blackanddecker.com,3%,CPS,Yes,https://linksredirect.com/?cid=226556&source=api&url=https%3A%2F%2Fwww.blackanddecker.com%2F
Pre-approved (open),2445,blackberrys,blackberrys.com,9%,CPS,No,https://linksredirect.com/?cid=226556&source=api&url=https%3A%2F%2Fwww.blackberrys.com
Pre-approved (open),6485,BlindsExpress.com,blindsexpress.com,3%,CPS,Yes,https://linksredirect.com/?cid=226556&source=api&url=https%3A%2F%2Fwww.blindsexpress.com%2F
Pre-approved (open),4902,Blinkist,blinkist.com,11.25%,CPS,No,https://linksredirect.com/?cid=226556&source=api&url=https%3A%2F%2Fwww.blinkist.com%2Fpricing%2Fpromo%2Fkeeplearning-affiliates40-2026%3Fafsrc%3D1
Pre-approved (open),12096,Blinq,blinq.me,15%,CPS,Yes,https://linksredirect.com/?cid=226556&source=api&url=https%3A%2F%2Fblinq.me%2F
Pre-approved (open),2692,Bliss World,blissworld.com,2.25%,CPS,No,https://linksredirect.com/?cid=226556&source=api&url=https%3A%2F%2Fwww.blissworld.com%2F
Pre-approved (open),27458,Blokees,blokees.com,4.27%,CPS,Yes,https://linksredirect.com/?cid=226556&source=api&url=https%3A%2F%2Fblokees.com%2F
Pre-approved (open),9493,Bloomeroo,bloomeroo.com.au,5.4%,CPS,Yes,https://linksredirect.com/?cid=226556&source=api&url=https%3A%2F%2Fwww.bloomeroo.com.au%2F
Pre-approved (open),25558,"Bloomist, Inc",bloomist.com,4.5%,CPS,Yes,https://linksredirect.com/?cid=226556&source=api&url=https%3A%2F%2Fbloomist.com
Pre-approved (open),15729,BloomsyBox,bloomsybox.com,5.25%,CPS,Yes,https://linksredirect.com/?cid=226556&source=api&url=https%3A%2F%2Fwww.bloomsybox.com%2F
Pre-approved (open),2880,Bluebella,bluebella.us,6%,CPS,Yes,https://linksredirect.com/?cid=226556&source=api&url=https%3A%2F%2Fwww.bluebella.us
Pre-approved (open),6117,Bluebella - AU,bluebella.com.au,7.5%,CPS,Yes,https://linksredirect.com/?cid=226556&source=api&url=https%3A%2F%2Fwww.bluebella.com.au%2F
Pre-approved (open),2523,bluehost,bluehost.com,49.88%,CPS,Yes,https://linksredirect.com/?cid=226556&source=api&url=https%3A%2F%2Fwww.bluehost.com%2F
Pre-approved (open),7254,Bluetti - AU,bluettipower.com.au,3.75%,CPS,Yes,https://linksredirect.com/?cid=226556&source=api&url=https%3A%2F%2Fwww.bluettipower.com.au%2F
Pre-approved (open),8608,Bluetti - US,bluettipower.com,2.63%,CPS,Yes,https://linksredirect.com/?cid=226556&source=api&url=https%3A%2F%2Fwww.bluettipower.com%2F
Pre-approved (open),9594,Bluetti DE,bluettipower.eu,3.75%,CPS,Yes,https://linksredirect.com/?cid=226556&source=api&url=https%3A%2F%2Fde.bluettipower.eu%2F
Pre-approved (open),4232,Boat,boat-lifestyle.com,6%,CPS,Yes,https://linksredirect.com/?cid=226556&source=api&url=https%3A%2F%2Fwww.boat-lifestyle.com%2F
Pre-approved (open),57531,BOB Card Etihad,bobcard.in,1350 INR,CPL,No,https://linksredirect.com/?cid=226556&source=api&url=https%3A%2F%2Fetihadguest.bobcard.in%2F
Pre-approved (open),5921,Boden DE,boden.com,6%,CPS,Yes,https://linksredirect.com/?cid=226556&source=api&url=https%3A%2F%2Feu.boden.com%2Fde-at
Pre-approved (open),5623,Bodily US,itsbodily.com,6.54%,CPS,No,https://linksredirect.com/?cid=226556&source=api&url=https%3A%2F%2Fitsbodily.com%2F
Pre-approved (open),21343,Bodyjewelry,bodyjewelry.com,11.25%,CPS,Yes,https://linksredirect.com/?cid=226556&source=api&url=https%3A%2F%2Fwww.bodyjewelry.com
Pre-approved (open),33471,Boggbag,boggbag.com,1.58%,CPS,Yes,https://linksredirect.com/?cid=226556&source=api&url=https%3A%2F%2Fwww.boggbag.com
Pre-approved (open),21686,Bogs Footwear Australia,bogsfootwear.com.au,5.25%,CPS,Yes,https://linksredirect.com/?cid=226556&source=api&url=https%3A%2F%2Fwww.bogsfootwear.com.au%2Fshop%2Findex.html
Pre-approved (open),587,Bogs Footwear Canada,bogsfootwear.ca,3.75%,CPS,No,https://linksredirect.com/?cid=226556&source=api&url=https%3A%2F%2Fwww.bogsfootwear.ca%2Fshop%2Findex.html
Pre-approved (open),76498,Boldfit,boldfit.com,7.5%,CPS,Yes,https://linksredirect.com/?cid=226556&source=api&url=https%3A%2F%2Fwww.boldfit.com%2F
Pre-approved (open),5088,Bona Fide Masks,bonafidemasks.com,7.5%,CPS,Yes,https://linksredirect.com/?cid=226556&source=api&url=https%3A%2F%2Fbonafidemasks.com%2F
Pre-approved (open),33700,Bondi Sands Australia,bondisands.com.au,5.7%,CPS,Yes,https://linksredirect.com/?cid=226556&source=api&url=https%3A%2F%2Fbondisands.com.au%2F
Pre-approved (open),74157,Bondoxhair,bondoxhair.com,8.25%,CPS,Yes,https://linksredirect.com/?cid=226556&source=api&url=https%3A%2F%2Fwww.bondoxhair.com
Pre-approved (open),5275,BONHEUR JEWELRY,bonheurjewelry.com,7.5%,CPS,Yes,https://linksredirect.com/?cid=226556&source=api&url=https%3A%2F%2Fwww.bonheurjewelry.com
Pre-approved (open),58272,Bonjour,bonjourretail.com,4.5%,CPS,Yes,https://linksredirect.com/?cid=226556&source=api&url=https%3A%2F%2Fwww.bonjourretail.com%2F
Pre-approved (open),48038,Bonne et Filou,BonneEtFilou.com,15%,CPS,Yes,https://linksredirect.com/?cid=226556&source=api&url=https%3A%2F%2FBonneEtFilou.com
Pre-approved (open),40584,Bookchor,bookchor.com,9%,CPS,Yes,https://linksredirect.com/?cid=226556&source=api&url=https%3A%2F%2Fwww.bookchor.com%2F
Pre-approved (open),7207,BookMap,bookmap.com,6419.21 INR,CPS,Yes,https://linksredirect.com/?cid=226556&source=api&url=https%3A%2F%2Fbookmap.com%2F
Pre-approved (open),8120,Books2door,books2door.com,4.2%,CPS,Yes,https://linksredirect.com/?cid=226556&source=api&url=https%3A%2F%2Fwww.books2door.com%2F
Pre-approved (open),38072,Borderfreehealth,borderfreehealth.com,7.5%,CPS,Yes,https://linksredirect.com/?cid=226556&source=api&url=https%3A%2F%2Fwww.borderfreehealth.com
Pre-approved (open),7283,Borrowell,borrowell.com,5.4%,CPS,Yes,https://linksredirect.com/?cid=226556&source=api&url=https%3A%2F%2Fborrowell.com%2Ffree-credit-score
Pre-approved (open),6599,BougeRV,bougerv.com,5.25%,CPS,Yes,https://linksredirect.com/?cid=226556&source=api&url=https%3A%2F%2Fwww.bougerv.com%2F
Pre-approved (open),21646,Bowers & Wilkins,bowerswilkins.com,6%,CPS,No,https://linksredirect.com/?cid=226556&source=api&url=http%3A%2F%2Fwww.bowerswilkins.com%2Fen-us%2F
Pre-approved (open),7881,Bowlero US,bowlero.com,1.5%,CPS,Yes,https://linksredirect.com/?cid=226556&source=api&url=https%3A%2F%2Fwww.bowlero.com%2F
Pre-approved (open),12155,Brand24,brand24.com,15%,CPS,Yes,https://linksredirect.com/?cid=226556&source=api&url=https%3A%2F%2Fbrand24.com%2F
Pre-approved (open),12222,Braun Germany,braun.de,4.27%,CPS,Yes,https://linksredirect.com/?cid=226556&source=api&url=https%3A%2F%2Fshop.braun.de%2F
Pre-approved (open),7855,Brevo,brevo.com,324.2 INR,CPS,Yes,https://linksredirect.com/?cid=226556&source=api&url=https%3A%2F%2Fwww.brevo.com%2F
Pre-approved (open),48116,brickzonehub,brickzonehub.co.uk,2.63%,CPS,Yes,https://linksredirect.com/?cid=226556&source=api&url=https%3A%2F%2Fbrickzonehub.co.uk%2F
Pre-approved (open),38426,Brightchamps,brightchamps.com,12%,CPS,Yes,https://linksredirect.com/?cid=226556&source=api&url=https%3A%2F%2Fshop.brightchamps.com%2F
Pre-approved (open),25482,Brightdata,brightdata.com,37.5%,CPS,Yes,https://linksredirect.com/?cid=226556&source=api&url=https%3A%2F%2Fbrightdata.com%2F
Pre-approved (open),4863,Brillare,brillare.co.in,21%,CPS,Yes,https://linksredirect.com/?cid=226556&source=api&url=https%3A%2F%2Fwww.brillare.co.in%2F
Pre-approved (open),15158,Briogeohair,briogeohair.com,2.14%,CPS,Yes,https://linksredirect.com/?cid=226556&source=api&url=https%3A%2F%2Fwww.briogeohair.com%2F
Pre-approved (open),40506,Broomees,broomees.com,285 INR,CPS,Yes,https://linksredirect.com/?cid=226556&source=api&url=https%3A%2F%2Fbroomees.com%2F
Pre-approved (open),9037,Brother-usa,brother-usa.com,3%,CPS,Yes,https://linksredirect.com/?cid=226556&source=api&url=https%3A%2F%2Fwww.brother-usa.com%2F
Pre-approved (open),30270,Browse AI,browse.ai,13.5%,CPS,Yes,https://linksredirect.com/?cid=226556&source=api&url=https%3A%2F%2Fwww.browse.ai
Pre-approved (open),80492,Bubble Me,bubbleme.in,7.5%,CPS,Yes,https://linksredirect.com/?cid=226556&source=api&url=https%3A%2F%2Fbubbleme.in%2F
Pre-approved (open),55694,Buckle Scrunchies,shoprestatement.com,7.5%,CPS,Yes,https://linksredirect.com/?cid=226556&source=api&url=https%3A%2F%2Fshoprestatement.com%2F
Pre-approved (open),4948,Buddha Stones,buddhastoneshop.com,5.7%,CPS,Yes,https://linksredirect.com/?cid=226556&source=api&url=https%3A%2F%2Fbuddhastoneshop.com%2F
Pre-approved (open),6034,Budgetpetworld,budgetpetworld.com,7.5%,CPS,Yes,https://linksredirect.com/?cid=226556&source=api&url=https%3A%2F%2Fwww.budgetpetworld.com
Pre-approved (open),8205,Buffy,buffy.co,15%,CPS,Yes,https://linksredirect.com/?cid=226556&source=api&url=https%3A%2F%2Fwww.buffy.co
Pre-approved (open),40778,Buggati,bugattishoes.in,5.25 INR,CPS,Yes,https://linksredirect.com/?cid=226556&source=api&url=https%3A%2F%2Fbugattishoes.in%2F
Pre-approved (open),19689,Bully Beds,bullybeds.com,6%,CPS,Yes,https://linksredirect.com/?cid=226556&source=api&url=https%3A%2F%2Fbullybeds.com
Pre-approved (open),35579,Buyindusvalley,buyindusvalley.in,20.25%,CPS,Yes,https://linksredirect.com/?cid=226556&source=api&url=https%3A%2F%2Fwww.buyindusvalley.in%2F
Pre-approved (open),78711,BuzzRewards,buzzrewardsapp.com,0.75%,CPS,No,https://linksredirect.com/?cid=226556&source=api&url=https%3A%2F%2Fbuzzrewardsapp.com%2F
Pre-approved (open),8896,Byfood,byfood.com,3.68%,CPS,Yes,https://linksredirect.com/?cid=226556&source=api&url=https%3A%2F%2Fwww.byfood.com%2F
Pre-approved (open),66922,Bytepe,bytepe.com,1.58%,CPS,Yes,https://linksredirect.com/?cid=226556&source=api&url=https%3A%2F%2Fwww.bytepe.com%2F
Pre-approved (open),8609,C. Paravano,cparavano.com,10.69%,CPS,Yes,https://linksredirect.com/?cid=226556&source=api&url=https%3A%2F%2Fwww.cparavano.com%2F
Pre-approved (open),58273,Cahoot,cahoot.in,9%,CPS,Yes,https://linksredirect.com/?cid=226556&source=api&url=https%3A%2F%2Fcahoot.in%2F
Pre-approved (open),31565,Calecim Professional,calecimprofessional.com,14.25%,CPS,Yes,https://linksredirect.com/?cid=226556&source=api&url=https%3A%2F%2Fcalecimprofessional.com%2F
Pre-approved (open),40331,Calilio,calilio.com,1.88%,CPS,No,https://linksredirect.com/?cid=226556&source=api&url=https%3A%2F%2Fapp.calilio.com%2F
Pre-approved (open),7696,CaliSuperSoil,calisupersoil.com,7.5%,CPS,Yes,https://linksredirect.com/?cid=226556&source=api&url=https%3A%2F%2Fcalisupersoil.com%2F
Pre-approved (open),8301,Callaway Golf,callawaygolf.com,1.51%,CPS,Yes,https://linksredirect.com/?cid=226556&source=api&url=https%3A%2F%2Fwww.callawaygolf.com
Pre-approved (open),8204,Callaway Golf Pre Owned,callawaygolfpreowned.com,1.51%,CPS,Yes,https://linksredirect.com/?cid=226556&source=api&url=https%3A%2F%2Fwww.callawaygolfpreowned.com
Pre-approved (open),37284,CallHippo,callhippo.com,3.75%,CPS,Yes,https://linksredirect.com/?cid=226556&source=api&url=https%3A%2F%2Fcallhippo.com%2F
Pre-approved (open),25292,Callie,callie.com,3.15%,CPS,Yes,https://linksredirect.com/?cid=226556&source=api&url=https%3A%2F%2Fwww.callie.com
Pre-approved (open),40984,Callie DE,callie.de,7.8%,CPS,Yes,https://linksredirect.com/?cid=226556&source=api&url=https%3A%2F%2Fwww.callie.de%2F
Pre-approved (open),37977,Callrail,callrail.com,1621.01 INR,CPS,Yes,https://linksredirect.com/?cid=226556&source=api&url=https%3A%2F%2Fwww.callrail.com
Pre-approved (open),37349,Campaign Monitor,campaignmonitor.com,3.75%,CPS,Yes,https://linksredirect.com/?cid=226556&source=api&url=https%3A%2F%2Fwww.campaignmonitor.com
Pre-approved (open),9601,Campaigner,campaigner.com,648.41 INR,CPS,Yes,https://linksredirect.com/?cid=226556&source=api&url=https%3A%2F%2Ftry.campaigner.com%2Fpowerful-email-marketing%2F
Pre-approved (open),5589,Campus Shoes,campusshoes.com,11.25%,CPS,Yes,https://linksredirect.com/?cid=226556&source=api&url=https%3A%2F%2Fwww.campusshoes.com%2F
Pre-approved (open),3096,Canada Pet Care,canadapetcare.com,7.5%,CPS,Yes,https://linksredirect.com/?cid=226556&source=api&url=https%3A%2F%2Fwww.canadapetcare.com%2F
Pre-approved (open),6113,Canvas Champ - US,canvaschamp.com,4.5%,CPS,Yes,https://linksredirect.com/?cid=226556&source=api&url=https%3A%2F%2Fwww.canvaschamp.com%2F
Pre-approved (open),7276,CapCut,capcut.com,27%,CPS,Yes,https://linksredirect.com/?cid=226556&source=api&url=https%3A%2F%2Fwww.capcut.com
Pre-approved (open),3713,Caprese Bags,capresebags.com,11.25%,CPS,Yes,https://linksredirect.com/?cid=226556&source=api&url=https%3A%2F%2Fwww.capresebags.com%2F
Pre-approved (open),35504,CardCash,cardcash.com,1.05%,CPS,Yes,https://linksredirect.com/?cid=226556&source=api&url=https%3A%2F%2Fwww.cardcash.com%2F
Pre-approved (open),6617,Carwow UK,carwow.co.uk,71.25 INR,CPS,Yes,https://linksredirect.com/?cid=226556&source=api&url=https%3A%2F%2Fwww.carwow.co.uk%2F
Pre-approved (open),78103,Casa Cobre,casacobre.com,18.75%,CPS,Yes,https://linksredirect.com/?cid=226556&source=api&url=https%3A%2F%2Fwww.casacobre.com%2F
Pre-approved (open),3433,Cashify,cashify.in,525 INR,CPS,No,https://linksredirect.com/?cid=226556&source=api&url=https%3A%2F%2Fwww.cashify.in%2Fbuy-refurbished-gadgets
Pre-approved (open),5806,Cass Art,cassart.co.uk,1.5%,CPS,Yes,https://linksredirect.com/?cid=226556&source=api&url=https%3A%2F%2Fwww.cassart.co.uk%2F
Pre-approved (open),32900,Castlery,castlery.com,2.63%,CPS,No,https://linksredirect.com/?cid=226556&source=api&url=https%3A%2F%2Fwww.castlery.com
Pre-approved (open),29829,Castmagic,castmagic.io,11.25%,CPS,Yes,https://linksredirect.com/?cid=226556&source=api&url=https%3A%2F%2Fwww.castmagic.io%2F
Pre-approved (open),6738,Ccleaner,ccleaner.com,21.38%,CPS,Yes,https://linksredirect.com/?cid=226556&source=api&url=https%3A%2F%2Fwww.ccleaner.com
Pre-approved (open),4922,CDKeys,cdkeys.com,3%,CPS,No,https://linksredirect.com/?cid=226556&source=api&url=https%3A%2F%2Fwww.cdkeys.com%2F
Pre-approved (open),5976,Cellecor,cellecor.com,5.25%,CPS,Yes,https://linksredirect.com/?cid=226556&source=api&url=https%3A%2F%2Fcellecor.com%2F
Pre-approved (open),48331,Centerline Athletics,centerlineathletics.com,7.5%,CPS,Yes,https://linksredirect.com/?cid=226556&source=api&url=https%3A%2F%2Fcenterlineathletics.com
Pre-approved (open),48344,Cerqular,cerqular.com,6%,CPS,Yes,https://linksredirect.com/?cid=226556&source=api&url=https%3A%2F%2Fcerqular.com%2F
Pre-approved (open),74201,Cerrova,cerrova.com,11.25%,CPS,Yes,https://linksredirect.com/?cid=226556&source=api&url=https%3A%2F%2Fcerrova.com%2F
Pre-approved (open),3082,Changi Airport,ishopchangi.com,1.5%,CPS,Yes,https://linksredirect.com/?cid=226556&source=api&url=https%3A%2F%2Fwww.ishopchangi.com%2Fen%2Fhome
Pre-approved (open),7386,Charlemange,charlemagne-premium.com,7.13%,CPS,Yes,https://linksredirect.com/?cid=226556&source=api&url=https%3A%2F%2Fcharlemagne-premium.com%2F
Pre-approved (open),3430,Charles & Keith,charleskeith.in,2.25%,CPS,Yes,https://linksredirect.com/?cid=226556&source=api&url=https%3A%2F%2Fwww.charleskeith.in%2Fin
Pre-approved (open),9595,Charlottetilbury UK,charlottetilbury.com,111.39 INR,CPS,No,https://linksredirect.com/?cid=226556&source=api&url=https%3A%2F%2Fwww.charlottetilbury.com%2Fuk
Pre-approved (open),38040,Cheapflightsfares,cheapflightsfares.com,1.5 INR,CPS,No,https://linksredirect.com/?cid=226556&source=api&url=https%3A%2F%2Fwww.cheapflightsfares.com
Pre-approved (open),582,CheapOair,cheapoair.com,1621.01 INR,CPS,Yes,https://linksredirect.com/?cid=226556&source=api&url=https%3A%2F%2Fwww.cheapoair.com%2F
Pre-approved (open),6118,Check My Body Health United States,checkmybodyhealth.com,5.25%,CPS,Yes,https://linksredirect.com/?cid=226556&source=api&url=https%3A%2F%2Fcheckmybodyhealth.com%2Fus%2F
Pre-approved (open),5803,Cheekbone Beauty,cheekbonebeauty.com,6%,CPS,Yes,https://linksredirect.com/?cid=226556&source=api&url=https%3A%2F%2Fwww.cheekbonebeauty.com%2F
Pre-approved (open),7558,Chemicloud,chemicloud.com,3242.02 INR,CPS,No,https://linksredirect.com/?cid=226556&source=api&url=https%3A%2F%2Fchemicloud.com
Pre-approved (open),5433,Cherley,cherley.com,1.42%,CPS,Yes,https://linksredirect.com/?cid=226556&source=api&url=https%3A%2F%2Fwww.cherley.com%2F
Pre-approved (open),6817,Chewy,chewy.com,2%,CPS,Yes,https://linksredirect.com/?cid=226556&source=api&url=https%3A%2F%2Fwww.chewy.com
Pre-approved (open),5815,Chicsew,chicsew.com,5.7%,CPS,Yes,https://linksredirect.com/?cid=226556&source=api&url=https%3A%2F%2Fchicsew.com%2F
Pre-approved (open),1809,Chumbak,chumbak.com,9%,CPS,Yes,https://linksredirect.com/?cid=226556&source=api&url=https%3A%2F%2Fwww.chumbak.com%2F
Pre-approved (open),9538,CIMB Credit Card CPL,cimb.com.my,181.55 INR,CPL,No,https://linksredirect.com/?cid=226556&source=api&url=https%3A%2F%2Fwww.cimb.com.my%2Fen%2Fpersonal%2Fcampaigns%2Fapply-activate-spend-cash-back-involve-asia.html
Pre-approved (open),9576,CIMB PETRONAS Visa Platinum-i Credit Card - CPL,cimb.com.my,0%,CPS,Yes,https://linksredirect.com/?cid=226556&source=api&url=https%3A%2F%2Fapply.cimb.com.my%2Fccform%2F%3FcardType%3D1-68A0WQ9%26usp%3Dyes
Pre-approved (open),20029,Circledna,circledna.com,6%,CPS,Yes,https://linksredirect.com/?cid=226556&source=api&url=https%3A%2F%2Fwww.circledna.com
Pre-approved (open),3055,Circles.Life,circles.life,5.7 INR,CPS,Yes,https://linksredirect.com/?cid=226556&source=api&url=https%3A%2F%2Fwww.circles.life%2Fsg%2F
Pre-approved (open),5488,Circulon,circulon.com,2.85%,CPS,Yes,https://linksredirect.com/?cid=226556&source=api&url=https%3A%2F%2Fcirculon.com%2F
Pre-approved (open),6106,Citilink - ID,citilink.co.id,0.52%,CPS,Yes,https://linksredirect.com/?cid=226556&source=api&url=https%3A%2F%2Fwww.citilink.co.id%2F
Pre-approved (open),78593,Clark - SG,clarks.sg,7.5%,CPS,Yes,https://linksredirect.com/?cid=226556&source=api&url=https%3A%2F%2Fclarks.sg%2F
Pre-approved (open),3102,Clarks,clarks.my,7.5%,CPS,Yes,https://linksredirect.com/?cid=226556&source=api&url=https%3A%2F%2Fclarks.my%2F
Pre-approved (open),29,Cleartrip Flight,cleartrip.com,67.5 INR,CPS,No,https://linksredirect.com/?cid=226556&source=api&url=https%3A%2F%2Fwww.cleartrip.com%2F
Pre-approved (open),58550,Cleartrip Hotels,cleartrip.com,5.4%,CPS,No,https://linksredirect.com/?cid=226556&source=api&url=https%3A%2F%2Fwww.cleartrip.com%2Fhotels
Pre-approved (open),48432,Clever Fox,cleverfoxplanner.com,7.5%,CPS,Yes,https://linksredirect.com/?cid=226556&source=api&url=https%3A%2F%2Fcleverfoxplanner.com
Pre-approved (open),5299,ClevGuard,clevguard.com,28.5%,CPS,Yes,https://linksredirect.com/?cid=226556&source=api&url=https%3A%2F%2Fwww.clevguard.com%2F
Pre-approved (open),77152,ClipperPro,clipperpro.com,15%,CPS,Yes,https://linksredirect.com/?cid=226556&source=api&url=https%3A%2F%2Fwww.clipperpro.com%2F
Pre-approved (open),21361,Close,close.com,22.5%,CPS,Yes,https://linksredirect.com/?cid=226556&source=api&url=https%3A%2F%2Fclose.com%2F
Pre-approved (open),22571,Cloudfield,cloudfield.co,7.13%,CPS,Yes,https://linksredirect.com/?cid=226556&source=api&url=https%3A%2F%2Fwww.cloudfield.co%2F
Pre-approved (open),13949,Cloudstyle,cloudstyle.com,7.5%,CPS,Yes,https://linksredirect.com/?cid=226556&source=api&url=https%3A%2F%2Fwww.cloudstyle.com%2F
Pre-approved (open),4030,Cloudways,cloudways.com,3712.84 INR,CPS,Yes,https://linksredirect.com/?cid=226556&source=api&url=https%3A%2F%2Fwww.cloudways.com%2Fen%2F
Pre-approved (open),2206,Clovia,clovia.com,7.88%,CPS,Yes,https://linksredirect.com/?cid=226556&source=api&url=https%3A%2F%2Fapps.clovia.com%2FRdHy%2Fegklt46s
Pre-approved (open),76968,Clutch,clutch.co,18.75%,CPS,Yes,https://linksredirect.com/?cid=226556&source=api&url=https%3A%2F%2Fproject.clutch.co%2F
Pre-approved (open),11114,Coach Soak,coachsoak.com,14.25%,CPS,Yes,https://linksredirect.com/?cid=226556&source=api&url=https%3A%2F%2Fcoachsoak.com%2F
Pre-approved (open),39912,Coalax,coalax.com,6%,CPS,Yes,https://linksredirect.com/?cid=226556&source=api&url=https%3A%2F%2Fwww.coalax.com%2F
Pre-approved (open),9016,Cobra,cobra.com,6%,CPS,Yes,https://linksredirect.com/?cid=226556&source=api&url=https%3A%2F%2Fwww.cobra.com%2F
Pre-approved (open),19367,Cocokind,cocokind.com,3.75%,CPS,Yes,https://linksredirect.com/?cid=226556&source=api&url=https%3A%2F%2Fcocokind.com
Pre-approved (open),72263,Cocorrinascents,cocorrinascents.com,15%,CPS,Yes,https://linksredirect.com/?cid=226556&source=api&url=https%3A%2F%2Fwww.cocorrinascents.com
Pre-approved (open),5825,Codashop,codashop.com,0.75%,CPS,Yes,https://linksredirect.com/?cid=226556&source=api&url=https%3A%2F%2Fwww.codashop.com%2Fen-in%2F
Pre-approved (open),30212,Codeyoung,codeyoung.com,1485.14 INR,CPS,Yes,https://linksredirect.com/?cid=226556&source=api&url=https%3A%2F%2Fwww.codeyoung.com
Pre-approved (open),9472,Cohoom,coohom.com,18.38%,CPS,Yes,https://linksredirect.com/?cid=226556&source=api&url=https%3A%2F%2Fwww.coohom.com
Pre-approved (open),19070,Cold Picnic,coldpicnic.com,7.5%,CPS,Yes,https://linksredirect.com/?cid=226556&source=api&url=https%3A%2F%2Fcoldpicnic.com
Pre-approved (open),5363,Cole Haan Malaysia,colehaan.my,3%,CPS,Yes,https://linksredirect.com/?cid=226556&source=api&url=https%3A%2F%2Fcolehaan.my%2F
Pre-approved (open),6957,Columbia MX,columbia.mx,2.63%,CPS,Yes,https://linksredirect.com/?cid=226556&source=api&url=https%3A%2F%2Fwww.columbia.mx
Pre-approved (open),5157,Columbia Sportswear India,columbiasportswear.co.in,4.5%,CPS,Yes,https://linksredirect.com/?cid=226556&source=api&url=https%3A%2F%2Fcolumbiasportswear.co.in%2F
Pre-approved (open),12089,Comfort Zone,comfortzoneskin.com,1.5%,CPS,Yes,https://linksredirect.com/?cid=226556&source=api&url=https%3A%2F%2Fus.comfortzoneskin.com%2F
Pre-approved (open),9905,CompAsia MY - CPS,compasia.my,3.15%,CPS,Yes,https://linksredirect.com/?cid=226556&source=api&url=https%3A%2F%2Fcompasia.my
Pre-approved (open),44425,Consensus,consensus.app,22.5%,CPS,Yes,https://linksredirect.com/?cid=226556&source=api&url=https%3A%2F%2Fconsensus.app%2Fsign-up%2F
Pre-approved (open),1050,Consul,consul.com.br,1.5%,CPS,Yes,https://linksredirect.com/?cid=226556&source=api&url=https%3A%2F%2Fwww.consul.com.br%2F
Pre-approved (open),24981,Contact Crafts LLC,contactcrafts.com,7.5%,CPS,Yes,https://linksredirect.com/?cid=226556&source=api&url=https%3A%2F%2Fcontactcrafts.com
Pre-approved (open),18934,Contiki,contiki.com,2.63%,CPS,Yes,https://linksredirect.com/?cid=226556&source=api&url=https%3A%2F%2Fwww.contiki.com
Pre-approved (open),48543,Contours Rx US,contoursrx.com,11.25%,CPS,Yes,https://linksredirect.com/?cid=226556&source=api&url=https%3A%2F%2Fcontoursrx.com%2F
Pre-approved (open),6632,ControlZ World,controlz.world,1.58%,CPS,Yes,https://linksredirect.com/?cid=226556&source=api&url=https%3A%2F%2Fwww.controlz.world%2F
Pre-approved (open),5513,Coofandy,coofandy.com,7.5%,CPS,Yes,https://linksredirect.com/?cid=226556&source=api&url=https%3A%2F%2Fcoofandy.com%2F
Pre-approved (open),27784,Cookiebot,cookiebot.com,15.75%,CPS,Yes,https://linksredirect.com/?cid=226556&source=api&url=https%3A%2F%2Fwww.cookiebot.com
Pre-approved (open),37351,Copla,copla.com,9726.07 INR,CPS,Yes,https://linksredirect.com/?cid=226556&source=api&url=https%3A%2F%2Fwww.copla.com
Pre-approved (open),27490,CordBrick,cordbrick.com,7.5%,CPS,Yes,https://linksredirect.com/?cid=226556&source=api&url=https%3A%2F%2Fcordbrick.com
Pre-approved (open),5895,Corel,coreldraw.com,7.13%,CPS,Yes,https://linksredirect.com/?cid=226556&source=api&url=https%3A%2F%2Fwww.coreldraw.com%2Fen%2F
Pre-approved (open),36423,"Corel, Roxio & Pinnacle | Multimedia Software",corel.com,7.5%,CPS,Yes,https://linksredirect.com/?cid=226556&source=api&url=https%3A%2F%2Fwww.corel.com%2Fspecial-offers%2F
Pre-approved (open),20701,Corporate Housing By Owner,corporatehousingbyowner.com,1113.85 INR,CPS,Yes,https://linksredirect.com/?cid=226556&source=api&url=https%3A%2F%2Fwww.corporatehousingbyowner.com%2F
Pre-approved (open),36218,Cosabella,cosabella.com,2.25%,CPS,Yes,https://linksredirect.com/?cid=226556&source=api&url=https%3A%2F%2Fwww.cosabella.com
Pre-approved (open),5474,COSBEAUTY,cos-beauty.com,8.1%,CPS,Yes,https://linksredirect.com/?cid=226556&source=api&url=https%3A%2F%2Fjp.cos-beauty.com%2F
Pre-approved (open),9573,COSORI (PL),cosoripolska.pl,6%,CPS,Yes,https://linksredirect.com/?cid=226556&source=api&url=https%3A%2F%2Fcosoripolska.pl%2F
Pre-approved (open),9608,costway,costway.co.uk,0.15 INR,CPC,No,https://linksredirect.com/?cid=226556&source=api&url=https%3A%2F%2Fwww.costway.co.uk
Pre-approved (open),2744,Costway - US,costway.com,3%,CPS,Yes,https://linksredirect.com/?cid=226556&source=api&url=https%3A%2F%2Fwww.costway.com%2F
Pre-approved (open),3086,Coursera,coursera.org,7.13%,CPS,Yes,https://linksredirect.com/?cid=226556&source=api&url=https%3A%2F%2Fwww.coursera.org%2F
Pre-approved (open),48589,Coushy US,coushy.com,3.75%,CPS,Yes,https://linksredirect.com/?cid=226556&source=api&url=https%3A%2F%2Fcoushy.com%2F
Pre-approved (open),34082,Coworkshop,coworkshop.shop,21.38%,CPS,No,https://linksredirect.com/?cid=226556&source=api&url=https%3A%2F%2Fcoworkshop.shop%2F
Pre-approved (open),32840,Cowshed,cowshed.com,1.5%,CPS,Yes,https://linksredirect.com/?cid=226556&source=api&url=https%3A%2F%2Fwww.cowshed.com%2F
Pre-approved (open),7849,Creality,creality.com,2.25%,CPS,Yes,https://linksredirect.com/?cid=226556&source=api&url=https%3A%2F%2Fstore.creality.com%2F
Pre-approved (open),26766,Creditrepaircloud,creditrepaircloud.com,22.5%,CPS,Yes,https://linksredirect.com/?cid=226556&source=api&url=https%3A%2F%2Fwww.creditrepaircloud.com
Pre-approved (open),6309,Cricut,cricut.com,3.75%,CPS,Yes,https://linksredirect.com/?cid=226556&source=api&url=https%3A%2F%2Fcricut.com%2Fen-us%2Fshop
Pre-approved (open),2173,Crocs,crocs.in,5.25%,CPS,Yes,https://linksredirect.com/?cid=226556&source=api&url=https%3A%2F%2Fwww.crocs.in%2F
Pre-approved (open),7604,Cronjager,cronjager.com,7.5%,CPS,Yes,https://linksredirect.com/?cid=226556&source=api&url=https%3A%2F%2Fcronjager.com
Pre-approved (open),27511,crunchyroll,crunchyroll.com,5.25 INR,CPS,Yes,https://linksredirect.com/?cid=226556&source=api&url=https%3A%2F%2Fwww.crunchyroll.com
Pre-approved (open),78104,crushcos,crushcos.com,9%,CPS,Yes,https://linksredirect.com/?cid=226556&source=api&url=https%3A%2F%2Fcrushcos.com%2F
Pre-approved (open),28528,Crypto,crypto.com,371.28 INR,CPS,Yes,https://linksredirect.com/?cid=226556&source=api&url=https%3A%2F%2Fcrypto.com%2Fen
Pre-approved (open),7462,CSD.shop US,csd.shop,7.5%,CPS,Yes,https://linksredirect.com/?cid=226556&source=api&url=https%3A%2F%2Fcsd.shop%2F
Pre-approved (open),56752,Ctrl8,ctrl8.in,7.5%,CPS,Yes,https://linksredirect.com/?cid=226556&source=api&url=https%3A%2F%2Fctrl8.in%2F
Pre-approved (open),6561,Cub Cadet,cubcadet.com,3%,CPS,Yes,https://linksredirect.com/?cid=226556&source=api&url=https%3A%2F%2Fwww.cubcadet.com%2F
Pre-approved (open),764,Cuelinks Referral Program,cuelinks.com,0%,CPS,No,https://linksredirect.com/?cid=226556&source=api&url=https%3A%2F%2Fwww.cuelinks.com
Pre-approved (open),8890,Curiositybox,curiositybox.com,2280 INR,CPS,Yes,https://linksredirect.com/?cid=226556&source=api&url=https%3A%2F%2Fwww.curiositybox.com%2F
Pre-approved (open),5479,Curology,curology.com,324.2 INR,CPS,Yes,https://linksredirect.com/?cid=226556&source=api&url=https%3A%2F%2Fcurology.com%2F
Pre-approved (open),7309,Currex,currex.com,3.75%,CPS,Yes,https://linksredirect.com/?cid=226556&source=api&url=https%3A%2F%2Fcurrex.com%2F
Pre-approved (open),39998,Curtainuk,curtainuk.com,11.25%,CPS,Yes,https://linksredirect.com/?cid=226556&source=api&url=https%3A%2F%2Fcurtainuk.com%2F
Pre-approved (open),48688,Custom Song Gift,customsonggift.com,7.5%,CPS,Yes,https://linksredirect.com/?cid=226556&source=api&url=https%3A%2F%2Fcustomsonggift.com%2F
Pre-approved (open),26110,Cvlife,cvlife.com,7.5%,CPS,Yes,https://linksredirect.com/?cid=226556&source=api&url=https%3A%2F%2Fwww.cvlife.com%2F
Pre-approved (open),37618,CVMK Global,cvmkglobal.store,15%,CPS,Yes,https://linksredirect.com/?cid=226556&source=api&url=https%3A%2F%2Fcvmkglobal.store%2F
Pre-approved (open),8714,Dailysale,dailysale.com,3.75%,CPS,Yes,https://linksredirect.com/?cid=226556&source=api&url=https%3A%2F%2Fwww.dailysale.com
Pre-approved (open),11101,Dainely Belts,dainelylab.com,3.75%,CPS,Yes,https://linksredirect.com/?cid=226556&source=api&url=https%3A%2F%2Fdainelylab.com%2F
Pre-approved (open),5495,Dallas Cowboys Pro Shop,dallascowboys.com,4.56%,CPS,Yes,https://linksredirect.com/?cid=226556&source=api&url=https%3A%2F%2Fshop.dallascowboys.com%2Fen%2F
Pre-approved (open),38853,Databox,databox.com,3.75%,CPS,Yes,https://linksredirect.com/?cid=226556&source=api&url=https%3A%2F%2Fdatabox.com%2F
Pre-approved (open),5346,Debutify,debutify.com,10.69%,CPS,Yes,https://linksredirect.com/?cid=226556&source=api&url=https%3A%2F%2Fdebutify.com%2F
Pre-approved (open),2248,Decathlon,decathlon.in,2.25%,CPS,Yes,https://linksredirect.com/?cid=226556&source=api&url=https%3A%2F%2Fwww.decathlon.in%2F
Pre-approved (open),5665,Decathlon - CA,decathlon.ca,1.88%,CPS,No,https://linksredirect.com/?cid=226556&source=api&url=https%3A%2F%2Fwww.decathlon.ca%2Fen
Pre-approved (open),57512,Decathlon IE,decathlon.ie,0.79%,CPS,Yes,https://linksredirect.com/?cid=226556&source=api&url=https%3A%2F%2Fwww.decathlon.ie%2F
Pre-approved (open),4283,Decathlon SG,decathlon.sg,4.73%,CPS,Yes,https://linksredirect.com/?cid=226556&source=api&url=https%3A%2F%2Fwww.decathlon.sg%2F
Pre-approved (open),8613,Deel,deel.com,32420.2 INR,CPS,Yes,https://linksredirect.com/?cid=226556&source=api&url=https%3A%2F%2Fwww.deel.com%2F
Pre-approved (open),40985,Deep - Underwater Wine,deepshop.it,11.25%,CPS,Yes,https://linksredirect.com/?cid=226556&source=api&url=https%3A%2F%2Fwww.deepshop.it
Pre-approved (open),6211,Designer Plants USA,designerplants.com,7.5%,CPS,Yes,https://linksredirect.com/?cid=226556&source=api&url=https%3A%2F%2Fdesignerplants.com%2F
Pre-approved (open),9525,Desire Experience,desire-experience.com,3.84%,CPS,Yes,https://linksredirect.com/?cid=226556&source=api&url=https%3A%2F%2Fwww.desire-experience.com%2F
Pre-approved (open),38990,Dewenwils,dewenwils.com,11.25%,CPS,Yes,https://linksredirect.com/?cid=226556&source=api&url=https%3A%2F%2Fdewenwils.com%2F
Pre-approved (open),3298,DHgate,dhgate.com,1.42%,CPS,Yes,https://linksredirect.com/?cid=226556&source=api&url=https%3A%2F%2Fwww.dhgate.com%2F
Pre-approved (open),5737,Diesel US,diesel.com,3.75%,CPS,Yes,https://linksredirect.com/?cid=226556&source=api&url=https%3A%2F%2Fwww.diesel.com
Pre-approved (open),78708,Diffar,diffar.net,7.5%,CPS,Yes,https://linksredirect.com/?cid=226556&source=api&url=https%3A%2F%2Fdiffar.net%2F
Pre-approved (open),12036,Difmark,difmark.com,6%,CPS,Yes,https://linksredirect.com/?cid=226556&source=api&url=https%3A%2F%2Fdifmark.com%2Fen
Pre-approved (open),56436,Digihaat,digihaat.in,10.5%,CPS,Yes,https://linksredirect.com/?cid=226556&source=api&url=https%3A%2F%2Fdigihaat.in%2Fen
Pre-approved (open),29408,Diginius,diginius.com,7.5%,CPS,Yes,https://linksredirect.com/?cid=226556&source=api&url=https%3A%2F%2Fwww.diginius.com
Pre-approved (open),9112,Dinnerly,dinnerly.com,742.57 INR,CPS,Yes,https://linksredirect.com/?cid=226556&source=api&url=https%3A%2F%2Fdinnerly.com%2F
Pre-approved (open),9535,Dip N Dive,dipndive.com,3.75%,CPS,Yes,https://linksredirect.com/?cid=226556&source=api&url=https%3A%2F%2Fdipndive.com%2F
Pre-approved (open),7460,Direct Asia Insurance SG,directasia.com,7.5%,CPS,Yes,https://linksredirect.com/?cid=226556&source=api&url=https%3A%2F%2Fwww.directasia.com%2F
Pre-approved (open),38475,Direct meds,directmeds.com,6484.05 INR,CPS,Yes,https://linksredirect.com/?cid=226556&source=api&url=https%3A%2F%2Fdirectmeds.com%2F
Pre-approved (open),6600,Discount Surgical,discountsurgical.com,3.75%,CPS,Yes,https://linksredirect.com/?cid=226556&source=api&url=https%3A%2F%2Fwww.discountsurgical.com%2F
Pre-approved (open),7858,Distacart,distacart.com,13.13%,CPS,Yes,https://linksredirect.com/?cid=226556&source=api&url=https%3A%2F%2Fwww.distacart.com%2F
Pre-approved (open),76889,Divine Hindu,divinehindu.in,9%,CPS,Yes,https://linksredirect.com/?cid=226556&source=api&url=https%3A%2F%2Fwww.divinehindu.in%2F
Pre-approved (open),33317,Doba,doba.com,3.56%,CPS,Yes,https://linksredirect.com/?cid=226556&source=api&url=https%3A%2F%2Fwww.doba.com%2F
Pre-approved (open),6510,DocHub,dochub.com,28.5%,CPS,Yes,https://linksredirect.com/?cid=226556&source=api&url=https%3A%2F%2Fwww.dochub.com%2F
Pre-approved (open),4647,Domain.com,domain.com,21.38%,CPS,Yes,https://linksredirect.com/?cid=226556&source=api&url=https%3A%2F%2Fwww.domain.com%2F
Pre-approved (open),42757,Doodhvale Farms,doodhvalefarms.com,22.5 INR,CPS,Yes,https://linksredirect.com/?cid=226556&source=api&url=https%3A%2F%2Fwww.doodhvalefarms.com
Pre-approved (open),8229,Dooney & Bourke,dooney.com,4.99%,CPS,Yes,https://linksredirect.com/?cid=226556&source=api&url=https%3A%2F%2Fwww.dooney.com
Pre-approved (open),35506,DoorDash,doordash.com,1.58 INR,CPS,Yes,https://linksredirect.com/?cid=226556&source=api&url=https%3A%2F%2Fwww.doordash.com%2F
Pre-approved (open),4879,Dot & Key,dotandkey.com,10.5%,CPS,Yes,https://linksredirect.com/?cid=226556&source=api&url=https%3A%2F%2Fwww.dotandkey.com%2F
Pre-approved (open),5652,Doughnut official HK,doughnutofficial.com,7.5%,CPS,Yes,https://linksredirect.com/?cid=226556&source=api&url=https%3A%2F%2Fdoughnutofficial.com%2F
Pre-approved (open),76847,Douglas BG,douglas.bg,3.68%,CPS,Yes,https://linksredirect.com/?cid=226556&source=api&url=https%3A%2F%2Fdouglas.bg
Pre-approved (open),77102,Dovetails and Stitches,dovetailsandstitches.com,9%,CPS,Yes,https://linksredirect.com/?cid=226556&source=api&url=https%3A%2F%2Fdovetailsandstitches.com%2F
Pre-approved (open),36921,Dr Brandt Skincare,drbrandtskincare.com,1.5%,CPS,Yes,https://linksredirect.com/?cid=226556&source=api&url=https%3A%2F%2Fwww.drbrandtskincare.com%2F
Pre-approved (open),9570,Dr. Morepen Light Life,lightlife360.in,48.75%,CPS,Yes,https://linksredirect.com/?cid=226556&source=api&url=https%3A%2F%2Flightlife360.in%2F
Pre-approved (open),6019,Drberg,drberg.com,1.5%,CPS,Yes,https://linksredirect.com/?cid=226556&source=api&url=https%3A%2F%2Fshop.drberg.com%2F
Pre-approved (open),30400,Dreame Canada,dreametech.com,5.7%,CPS,Yes,https://linksredirect.com/?cid=226556&source=api&url=https%3A%2F%2Fca.dreametech.com%2F
Pre-approved (open),8597,Dreametech,dreametech.com,4.05%,CPS,Yes,https://linksredirect.com/?cid=226556&source=api&url=https%3A%2F%2Fdreametech.com%2F
Pre-approved (open),64581,Dreamhomestore,dreamhomestore.co.uk,2.1%,CPS,Yes,https://linksredirect.com/?cid=226556&source=api&url=https%3A%2F%2Fwww.dreamhomestore.co.uk
Pre-approved (open),6202,DreamHost,dreamhost.com,7051.4 INR,CPS,No,https://linksredirect.com/?cid=226556&source=api&url=https%3A%2F%2Fwww.dreamhost.com%2F
Pre-approved (open),77969,Dressfolk,dressfolk.com,18.75%,CPS,Yes,https://linksredirect.com/?cid=226556&source=api&url=https%3A%2F%2Fdressfolk.com%2F
Pre-approved (open),6429,Drop,drop.com,1.5%,CPS,Yes,https://linksredirect.com/?cid=226556&source=api&url=https%3A%2F%2Fdrop.com%2F
Pre-approved (open),25851,"Dunford, Inc.",wheelhero.com,5.25%,CPS,Yes,https://linksredirect.com/?cid=226556&source=api&url=https%3A%2F%2Fwww.wheelhero.com%2F
Pre-approved (open),2075,Durex,durexindia.com,16.88%,CPS,Yes,https://linksredirect.com/?cid=226556&source=api&url=https%3A%2F%2Fwww.durexindia.com%2F
Pre-approved (open),49005,Dutch,dutch.com,7.88 INR,CPS,Yes,https://linksredirect.com/?cid=226556&source=api&url=https%3A%2F%2Fwww.dutch.com%2F
Pre-approved (open),4480,Dyson,dyson.in,2.1%,CPS,Yes,https://linksredirect.com/?cid=226556&source=api&url=https%3A%2F%2Fwww.dyson.in%2F
Pre-approved (open),80094,Dyson TH,dyson.co.th,1.5%,CPS,Yes,https://linksredirect.com/?cid=226556&source=api&url=https%3A%2F%2Fwww.dyson.co.th%2Fen-TH%2F
Pre-approved (open),5694,DYU EBIKE,dyucycle.com,6%,CPS,Yes,https://linksredirect.com/?cid=226556&source=api&url=https%3A%2F%2Fdyucycle.com%2F
Pre-approved (open),4608,EaseUS,easeus.com,35.63%,CPS,No,https://linksredirect.com/?cid=226556&source=api&url=https%3A%2F%2Fwww.easeus.com%2F
Pre-approved (open),7306,Eastpak,eastpak.com,4.5%,CPS,Yes,https://linksredirect.com/?cid=226556&source=api&url=https%3A%2F%2Fwww.eastpak.com%2Fuk-en%2F
Pre-approved (open),6086,EasyBook,easybook.com,3.15%,CPS,Yes,https://linksredirect.com/?cid=226556&source=api&url=https%3A%2F%2Fwww.easybook.com%2F
Pre-approved (open),6188,Eat Cake Today - MY,eatcaketoday.com,2.63%,CPS,Yes,https://linksredirect.com/?cid=226556&source=api&url=https%3A%2F%2Fwww.eatcaketoday.com%2F
Pre-approved (open),39815,EBC,ebc.com,351.44 INR,CPS,Yes,https://linksredirect.com/?cid=226556&source=api&url=https%3A%2F%2Fwww.ebc.com
Pre-approved (open),35112,Echowater,echowater.com,2.63%,CPS,Yes,https://linksredirect.com/?cid=226556&source=api&url=https%3A%2F%2Fechowater.com%2F
Pre-approved (open),11186,ECKO UNLTD,ecko.com,3%,CPS,Yes,https://linksredirect.com/?cid=226556&source=api&url=https%3A%2F%2Fecko.com%2F
Pre-approved (open),55237,EcoFlow Italia,ecoflow.com,3.75%,CPS,Yes,https://linksredirect.com/?cid=226556&source=api&url=https%3A%2F%2Fit.ecoflow.com%2F
Pre-approved (open),9906,Ecowise,ecowisevitamins.com,20.25%,CPS,Yes,https://linksredirect.com/?cid=226556&source=api&url=https%3A%2F%2Fecowisevitamins.com%2F
Pre-approved (open),23441,Ediblearrangements,ediblearrangements.com,1.8%,CPS,Yes,https://linksredirect.com/?cid=226556&source=api&url=https%3A%2F%2Fediblearrangements.com
Pre-approved (open),549,Education.com,education.com,5.7%,CPS,Yes,https://linksredirect.com/?cid=226556&source=api&url=https%3A%2F%2Fwww.education.com%2F
Pre-approved (open),4054,edX,edx.org,11.25%,CPS,Yes,https://linksredirect.com/?cid=226556&source=api&url=https%3A%2F%2Fwww.edx.org%2F
Pre-approved (open),8620,EGOHOME,egohome.com,7.13%,CPS,Yes,https://linksredirect.com/?cid=226556&source=api&url=https%3A%2F%2Fegohome.com%2F
Pre-approved (open),30876,EKR,ekrcover.com,2.25%,CPS,Yes,https://linksredirect.com/?cid=226556&source=api&url=https%3A%2F%2Fwww.ekrcover.com
Pre-approved (open),6854,Ekster,ekster.com,6%,CPS,Yes,https://linksredirect.com/?cid=226556&source=api&url=https%3A%2F%2Fwww.ekster.com
Pre-approved (open),4785,Electronicx,electronicx.de,7.13%,CPS,Yes,https://linksredirect.com/?cid=226556&source=api&url=https%3A%2F%2Felectronicx.de%2F
Pre-approved (open),12101,Elemntlife,elemntlife.com,41.25%,CPS,Yes,https://linksredirect.com/?cid=226556&source=api&url=https%3A%2F%2Felemntlife.com%2F
Pre-approved (open),29462,Eleven Oasis,elevenoasis.com,11.25%,CPS,Yes,https://linksredirect.com/?cid=226556&source=api&url=https%3A%2F%2Fwww.elevenoasis.com%2F
Pre-approved (open),30273,Elevenlabs,elevenlabs.io,3.75%,CPS,Yes,https://linksredirect.com/?cid=226556&source=api&url=https%3A%2F%2Fwww.elevenlabs.io
Pre-approved (open),11893,Elver,elver.in,13.13%,CPS,Yes,https://linksredirect.com/?cid=226556&source=api&url=https%3A%2F%2Felver.in%2F
Pre-approved (open),18326,EMeet (US),emeet.com,5.25%,CPS,Yes,https://linksredirect.com/?cid=226556&source=api&url=https%3A%2F%2Femeet.com
Pre-approved (open),37356,Emergent,emergent.sh,22.5%,CPS,Yes,https://linksredirect.com/?cid=226556&source=api&url=https%3A%2F%2Fapp.emergent.sh%2Flanding%2F
Pre-approved (open),5289,Enamor,enamor.co.in,12%,CPS,Yes,https://linksredirect.com/?cid=226556&source=api&url=https%3A%2F%2Fwww.enamor.co.in%2F
Pre-approved (open),40322,Encalife US & Canada,encalife.com,5.25%,CPS,Yes,https://linksredirect.com/?cid=226556&source=api&url=https%3A%2F%2Fwww.encalife.com%2F
Pre-approved (open),18715,Endnote,endnote.com,15%,CPS,Yes,https://linksredirect.com/?cid=226556&source=api&url=https%3A%2F%2Fendnote.com%2F
Pre-approved (open),7723,Endoca,endoca.com,10.13%,CPS,Yes,https://linksredirect.com/?cid=226556&source=api&url=https%3A%2F%2Fwww.endoca.com
Pre-approved (open),25439,Enginediyshop,enginediyshop.com,2.25%,CPS,Yes,https://linksredirect.com/?cid=226556&source=api&url=https%3A%2F%2Fwww.enginediyshop.com
Pre-approved (open),9521,Eni Gas e Luce_CPL,eniplenitude.com,1621.01 INR,CPS,Yes,https://linksredirect.com/?cid=226556&source=api&url=https%3A%2F%2Feniplenitude.com%2F
Pre-approved (open),5372,Envato Elements,envato.com,8910.81 INR,CPS,Yes,https://linksredirect.com/?cid=226556&source=api&url=https%3A%2F%2Felements.envato.com%2F
Pre-approved (open),4458,Envato Market CPS,themeforest.net,22.5%,CPS,No,https://linksredirect.com/?cid=226556&source=api&url=https%3A%2F%2Fthemeforest.net%2Fcategory%2Fwordpress
Pre-approved (open),5401,Envato Placeit,placeit.net,35.63%,CPS,Yes,https://linksredirect.com/?cid=226556&source=api&url=https%3A%2F%2Fplaceit.net%2F
Pre-approved (open),9996,Eobuwie PL,eobuwie.com.pl,5.4%,CPS,Yes,https://linksredirect.com/?cid=226556&source=api&url=https%3A%2F%2Feobuwie.com.pl
Pre-approved (open),13359,Eonon (US),eonon.com,2.25%,CPS,Yes,https://linksredirect.com/?cid=226556&source=api&url=https%3A%2F%2Fwww.eonon.com%2F
Pre-approved (open),6530,EquipmentShare Parts,equipmentshare.com,3.56%,CPS,Yes,https://linksredirect.com/?cid=226556&source=api&url=https%3A%2F%2Fshop.equipmentshare.com%2F
Pre-approved (open),7035,Eraldo,eraldo.com,4.5%,CPS,Yes,https://linksredirect.com/?cid=226556&source=api&url=https%3A%2F%2Fwww.eraldo.com%2F
Pre-approved (open),8575,Erli.pl,erli.pl,2.25%,CPS,Yes,https://linksredirect.com/?cid=226556&source=api&url=https%3A%2F%2Ferli.pl%2F
Pre-approved (open),42697,Ernolaszlo,ernolaszlo.com,9.75%,CPS,Yes,https://linksredirect.com/?cid=226556&source=api&url=https%3A%2F%2Fwww.ernolaszlo.com
Pre-approved (open),49222,erommy,erommy.com,6%,CPS,Yes,https://linksredirect.com/?cid=226556&source=api&url=https%3A%2F%2Ferommy.com%2Fcollections%2Fgreenhouses
Pre-approved (open),7244,Erverte Paris - FR,erverte.com,11.25%,CPS,Yes,https://linksredirect.com/?cid=226556&source=api&url=https%3A%2F%2Ferverte.com%2F
Pre-approved (open),35459,ESD CODES,esdcodes.com,3.75%,CPS,Yes,https://linksredirect.com/?cid=226556&source=api&url=https%3A%2F%2Fesdcodes.com%2Fen%2F
Pre-approved (open),3100,Eset SG,eset.com,3%,CPS,Yes,https://linksredirect.com/?cid=226556&source=api&url=https%3A%2F%2Fwww.eset.com%2Fsg%2F
Pre-approved (open),40986,ESET US,eset.com,18.75%,CPS,Yes,https://linksredirect.com/?cid=226556&source=api&url=https%3A%2F%2Fwww.eset.com%2Fus%2F
Pre-approved (open),7391,ESIM EUROPE,europeesim.com,7.13%,CPS,Yes,https://linksredirect.com/?cid=226556&source=api&url=https%3A%2F%2Feuropeesim.com%2F
Pre-approved (open),7390,ESIM JAPAN,esimjapan.com,7.13%,CPS,Yes,https://linksredirect.com/?cid=226556&source=api&url=https%3A%2F%2Fesimjapan.com%2F
Pre-approved (open),7399,ESIM SINGAPORE,esimsingapore.net,7.13%,CPS,Yes,https://linksredirect.com/?cid=226556&source=api&url=https%3A%2F%2Fesimsingapore.net%2F
Pre-approved (open),7389,ESIM THAILAND,esimthailand.com,7.13%,CPS,Yes,https://linksredirect.com/?cid=226556&source=api&url=https%3A%2F%2Fesimthailand.com%2F
Pre-approved (open),7388,ESIM USA,esimusa.com,7.13%,CPS,Yes,https://linksredirect.com/?cid=226556&source=api&url=https%3A%2F%2Fesimusa.com%2F
Pre-approved (open),27381,Esimx,esimx.com,10.69%,CPS,Yes,https://linksredirect.com/?cid=226556&source=api&url=https%3A%2F%2Fesimx.com%2F
Pre-approved (open),29367,Esrtech,esrtech.com,6.3%,CPS,Yes,https://linksredirect.com/?cid=226556&source=api&url=https%3A%2F%2Fin.esrtech.com%2F
Pre-approved (open),29491,Essaydone,essaydone.ai,37.5%,CPS,Yes,https://linksredirect.com/?cid=226556&source=api&url=https%3A%2F%2Fwww.essaydone.ai%2F
Pre-approved (open),9461,Estee Lauder TW,esteelauder.com.tw,3.75%,CPS,Yes,https://linksredirect.com/?cid=226556&source=api&url=https%3A%2F%2Fwww.esteelauder.com.tw%2F
Pre-approved (open),37553,Eternz,eternz.com,337.5 INR,CPS,Yes,https://linksredirect.com/?cid=226556&source=api&url=https%3A%2F%2Fwww.eternz.com%2F
Pre-approved (open),9589,ethika,ethika.com,6%,CPS,No,https://linksredirect.com/?cid=226556&source=api&url=https%3A%2F%2Fwww.ethika.com
Pre-approved (open),36421,Etihad Holidays UK,etihadholidays.co.uk,2.25%,CPS,Yes,https://linksredirect.com/?cid=226556&source=api&url=https%3A%2F%2Fwww.etihadholidays.co.uk%2F
Pre-approved (open),7401,EtravelSIM,etravelsim.com,7.84%,CPS,Yes,https://linksredirect.com/?cid=226556&source=api&url=https%3A%2F%2Fetravelsim.com%2F
Pre-approved (open),7313,Eufy,eufy.com,5.25%,CPS,Yes,https://linksredirect.com/?cid=226556&source=api&url=https%3A%2F%2Fwww.eufy.com%2Feu-de
Pre-approved (open),6643,Europcar PT,europcar.pt,0.75%,CPS,No,https://linksredirect.com/?cid=226556&source=api&url=https%3A%2F%2Fwww.europcar.pt%2Fpt-pt
Pre-approved (open),6165,Evan Evans Tours - US,evanevanstours.com,4.5%,CPS,Yes,https://linksredirect.com/?cid=226556&source=api&url=https%3A%2F%2Fevanevanstours.com%2F
Pre-approved (open),4679,Event Tickets Center,eventticketscenter.com,7.5%,CPS,Yes,https://linksredirect.com/?cid=226556&source=api&url=https%3A%2F%2Fwww.eventticketscenter.com%2F
Pre-approved (open),40321,EverLeakProof US,everleakproof.com,15%,CPS,Yes,https://linksredirect.com/?cid=226556&source=api&url=https%3A%2F%2Feverleakproof.com%2F
Pre-approved (open),5009,Everpretty,ever-pretty.co.uk,5.7%,CPS,No,https://linksredirect.com/?cid=226556&source=api&url=https%3A%2F%2Fwww.ever-pretty.co.uk%2F
Pre-approved (open),5828,Evil Energy,ievilenergy.com,8.25%,CPS,Yes,https://linksredirect.com/?cid=226556&source=api&url=https%3A%2F%2Fwww.ievilenergy.com%2F
Pre-approved (open),7870,Evolve Skateboards,rideevolve.com.au,2.25%,CPS,Yes,https://linksredirect.com/?cid=226556&source=api&url=https%3A%2F%2Fwww.rideevolve.com.au%2F
Pre-approved (open),35121,Evryjewels,evryjewels.com,5.25%,CPS,Yes,https://linksredirect.com/?cid=226556&source=api&url=https%3A%2F%2Fwww.evryjewels.com
Pre-approved (open),3547,Exam Edge (US),examedge.com,11.25%,CPS,Yes,https://linksredirect.com/?cid=226556&source=api&url=https%3A%2F%2Fwww.examedge.com%2F
Pre-approved (open),55338,Expedia ID,expedia.co.id,3.75%,CPS,Yes,https://linksredirect.com/?cid=226556&source=api&url=https%3A%2F%2Fwww.expedia.co.id%2F
Pre-approved (open),34098,Expedia MX,expedia.mx,0%,CPS,Yes,https://linksredirect.com/?cid=226556&source=api&url=https%3A%2F%2Fwww.expedia.mx%2F
Pre-approved (open),7392,ExpressVPN,expressvpn.com,2673.24 INR,CPS,Yes,https://linksredirect.com/?cid=226556&source=api&url=https%3A%2F%2Fwww.expressvpn.com%2F
Pre-approved (open),41302,Eyejack,eyejack.in,15.75%,CPS,Yes,https://linksredirect.com/?cid=226556&source=api&url=https%3A%2F%2Feyejack.in%2F
Pre-approved (open),5137,ezCater,ezcater.com,10.69 INR,CPS,Yes,https://linksredirect.com/?cid=226556&source=api&url=https%3A%2F%2Fwww.ezcater.com%2F
Pre-approved (open),79314,Eze Perfume,ezeperfume.com,15%,CPS,Yes,https://linksredirect.com/?cid=226556&source=api&url=https%3A%2F%2Fezeperfume.com%2F
Pre-approved (open),55335,Ezshooting,ezshooting.com,7.5%,CPS,Yes,https://linksredirect.com/?cid=226556&source=api&url=https%3A%2F%2Fezshooting.com%2F
Pre-approved (open),8199,FAB CBD,fabcbd.com,21.38%,CPS,Yes,https://linksredirect.com/?cid=226556&source=api&url=https%3A%2F%2Ffabcbd.com%2F
Pre-approved (open),36712,FabFinds,fabfinds.co.uk,7.5%,CPS,Yes,https://linksredirect.com/?cid=226556&source=api&url=https%3A%2F%2Ffabfinds.co.uk%2F
Pre-approved (open),5353,Famous Footwear,famousfootwear.com,0.75%,CPS,Yes,https://linksredirect.com/?cid=226556&source=api&url=https%3A%2F%2Fwww.famousfootwear.com%2F
Pre-approved (open),7337,Fanatics - UK,fanatics.co.uk,64.84 INR,CPS,Yes,https://linksredirect.com/?cid=226556&source=api&url=https%3A%2F%2Fwww.fanatics.co.uk%2F
Pre-approved (open),5300,Farberware,farberwarecookware.com,2.85%,CPS,Yes,https://linksredirect.com/?cid=226556&source=api&url=https%3A%2F%2Ffarberwarecookware.com%2F
Pre-approved (open),7554,Fashdes,fashdes.co,10.5%,CPS,Yes,https://linksredirect.com/?cid=226556&source=api&url=https%3A%2F%2Ffashdes.co%2F
Pre-approved (open),5620,FashionGo,fashiongo.net,3420 INR,CPS,Yes,https://linksredirect.com/?cid=226556&source=api&url=https%3A%2F%2Fwww.fashiongo.net%2F
Pre-approved (open),11171,FastestVPN,fastestvpn.com,48.75%,CPS,Yes,https://linksredirect.com/?cid=226556&source=api&url=https%3A%2F%2Ffastestvpn.com%2F
Pre-approved (open),30193,Fastmail,fastmail.com,10.5%,CPS,No,https://linksredirect.com/?cid=226556&source=api&url=https%3A%2F%2Fwww.fastmail.com
Pre-approved (open),47,fastrack,fastrack.in,5.25%,CPS,No,https://linksredirect.com/?cid=226556&source=api&url=https%3A%2F%2Fwww.fastrack.in
Pre-approved (open),7413,FatakPay CPFT,google.com,52.5 INR,CPI - Android,No,https://linksredirect.com/?cid=226556&source=api&url=https%3A%2F%2Fplay.google.com%2Fstore%2Fapps%2Fdetails%3Fid%3Dcom.fatakpay%26gl%3Din
Pre-approved (open),7310,Faye Travel Insurance,withfaye.com,2137.5 INR,CPS,Yes,https://linksredirect.com/?cid=226556&source=api&url=https%3A%2F%2Fwww.withfaye.com%2F
Pre-approved (open),7687,Federal Bank Credit Card,mymoneymantra.com,1275 INR,CPL,No,https://linksredirect.com/?cid=226556&source=api&url=https%3A%2F%2Ffederalcc.mymoneymantra.com
Pre-approved (open),6232,Federal Scapia Credit card CPL,scapia.cards,1200 INR,CPL,No,https://linksredirect.com/?cid=226556&source=api&url=https%3A%2F%2Fapply.scapia.cards%2Flanding_page
Pre-approved (open),36665,Feel Good Contacts IE,feelgoodcontacts.ie,3.75%,CPS,Yes,https://linksredirect.com/?cid=226556&source=api&url=https%3A%2F%2Fwww.feelgoodcontacts.ie
Pre-approved (open),7864,Feel Good Contacts UK,feelgoodcontacts.com,3.75%,CPS,Yes,https://linksredirect.com/?cid=226556&source=api&url=https%3A%2F%2Fwww.feelgoodcontacts.com%2F
Pre-approved (open),7263,Fehaute,fehaute.com,7.13%,CPS,Yes,https://linksredirect.com/?cid=226556&source=api&url=https%3A%2F%2Ffehaute.com%2F
Pre-approved (open),6971,Fewo-Direkt,fewo-direkt.de,3%,CPS,Yes,https://linksredirect.com/?cid=226556&source=api&url=https%3A%2F%2Fwww.fewo-direkt.de
Pre-approved (open),6391,Finbro - PH CPL,finbro.ph,778.09 INR,CPL,No,https://linksredirect.com/?cid=226556&source=api&url=https%3A%2F%2Fwww.finbro.ph%2F
Pre-approved (open),2974,Finish Line,finishline.com,2.49%,CPS,Yes,https://linksredirect.com/?cid=226556&source=api&url=https%3A%2F%2Fwww.finishline.com%2F
Pre-approved (open),40096,FireBoard Labs,fireboard.com,5.25%,CPS,Yes,https://linksredirect.com/?cid=226556&source=api&url=https%3A%2F%2Fwww.fireboard.com%2F
Pre-approved (open),4723,Firefly,fireflyz.com.my,1.5%,CPS,Yes,https://linksredirect.com/?cid=226556&source=api&url=https%3A%2F%2Fwww.fireflyz.com.my%2Fmy%2Fen%2Fhome.html
Pre-approved (open),19216,Firemaplegear,firemaplegear.com,3.75%,CPS,Yes,https://linksredirect.com/?cid=226556&source=api&url=https%3A%2F%2Fwww.firemaplegear.com
Pre-approved (open),49,Firstcry,firstcry.com,22.5 INR,CPS,Yes,https://linksredirect.com/?cid=226556&source=api&url=https%3A%2F%2Fwww.firstcry.com%2F
Pre-approved (open),5374,Firster - TH,firster.com,2.63%,CPS,Yes,https://linksredirect.com/?cid=226556&source=api&url=https%3A%2F%2Fwww.firster.com%2F
Pre-approved (open),2973,FitFlop,fitflop.com,2.25%,CPS,Yes,https://linksredirect.com/?cid=226556&source=api&url=https%3A%2F%2Fwww.fitflop.com%2Fus%2Fen%2F
Pre-approved (open),5347,Fitpass,fitpass.co.in,375 INR,CPS,No,https://linksredirect.com/?cid=226556&source=api&url=https%3A%2F%2Ffitpass.co.in%2Fsubscription-1m%2Ffitpass-360
Pre-approved (open),4418,Fitspire,fitspire.online,9%,CPS,Yes,https://linksredirect.com/?cid=226556&source=api&url=https%3A%2F%2Ffitspire.online%2F
Pre-approved (open),76495,Fittr,fittr.com,6.75%,CPS,Yes,https://linksredirect.com/?cid=226556&source=api&url=https%3A%2F%2Fwww.fittr.com%2F
Pre-approved (open),12224,Flashforge,flashforge.com,3.56%,CPS,Yes,https://linksredirect.com/?cid=226556&source=api&url=https%3A%2F%2Fwww.flashforge.com%2F
Pre-approved (open),13132,Flexjobs,flexjobs.com,6.3 INR,CPS,Yes,https://linksredirect.com/?cid=226556&source=api&url=https%3A%2F%2Fwww.flexjobs.com
Pre-approved (open),18302,Flextail,flextail.com,6%,CPS,Yes,https://linksredirect.com/?cid=226556&source=api&url=https%3A%2F%2Fwww.flextail.com%2F
Pre-approved (open),12234,Flight Network,flightnetwork.com,742.57 INR,CPS,Yes,https://linksredirect.com/?cid=226556&source=api&url=https%3A%2F%2Fus-en.flightnetwork.com%2F
Pre-approved (open),27903,Flikeze,flikeze.com,7.5%,CPS,Yes,https://linksredirect.com/?cid=226556&source=api&url=https%3A%2F%2Fwww.flikeze.com
Pre-approved (open),66947,Flipkart Seller Kids,flipkart.com,712.5 INR,CPL,No,https://linksredirect.com/?cid=226556&source=api&url=https%3A%2F%2Fseller.flipkart.com%2FsignUp%2FaccountCreation%2Fnew%3F
Pre-approved (open),9907,Floraqueen,floraqueen.com,7.5%,CPS,Yes,https://linksredirect.com/?cid=226556&source=api&url=https%3A%2F%2Fwww.floraqueen.com%2F
Pre-approved (open),4729,Florsheim,florsheim.com,3.75%,CPS,No,https://linksredirect.com/?cid=226556&source=api&url=https%3A%2F%2Fwww.florsheim.com%2Fshop%2Findex.html
Pre-approved (open),889,Flower Aura,floweraura.com,5.25%,CPS,Yes,https://linksredirect.com/?cid=226556&source=api&url=https%3A%2F%2Fwww.floweraura.com%2F
Pre-approved (open),3463,Flower Chimp HK,flowerchimp.com.hk,5.25%,CPS,Yes,https://linksredirect.com/?cid=226556&source=api&url=https%3A%2F%2Fwww.flowerchimp.com.hk%2F
Pre-approved (open),28166,Flower Knows,flowerknows.co,3.75%,CPS,Yes,https://linksredirect.com/?cid=226556&source=api&url=https%3A%2F%2Fflowerknows.co%2F
Pre-approved (open),12020,Fly Fairly,flyfairly.com,2.63%,CPS,Yes,https://linksredirect.com/?cid=226556&source=api&url=https%3A%2F%2Fflyfairly.com%2F
Pre-approved (open),32813,Flybirdfitness,flybirdfitness.com,4.27%,CPS,Yes,https://linksredirect.com/?cid=226556&source=api&url=https%3A%2F%2Fflybirdfitness.com%2F
Pre-approved (open),6491,Flycurvy,flycurvy.com,1.35%,CPS,Yes,https://linksredirect.com/?cid=226556&source=api&url=https%3A%2F%2Fwww.flycurvy.com%2F
Pre-approved (open),11113,Fofana,fofana.co,7.13%,CPS,Yes,https://linksredirect.com/?cid=226556&source=api&url=https%3A%2F%2Fwww.fofana.co%2F
Pre-approved (open),9680,Food Lion,foodlion.com,110.23 INR,CPS,Yes,https://linksredirect.com/?cid=226556&source=api&url=https%3A%2F%2Fshop.foodlion.com%2F
Pre-approved (open),3652,Foreo,foreo.com,4.5%,CPS,Yes,https://linksredirect.com/?cid=226556&source=api&url=https%3A%2F%2Fwww.foreo.com%2F
Pre-approved (open),819,Forest Essentials,forestessentialsindia.com,12.75%,CPS,Yes,https://linksredirect.com/?cid=226556&source=api&url=https%3A%2F%2Fwww.forestessentialsindia.com%2F
Pre-approved (open),7695,Form Products,forminsoles.com,9%,CPS,Yes,https://linksredirect.com/?cid=226556&source=api&url=https%3A%2F%2Fwww.forminsoles.com%2F
Pre-approved (open),5443,Fortress HK,fortress.com.hk,1.5%,CPS,Yes,https://linksredirect.com/?cid=226556&source=api&url=https%3A%2F%2Fwww.fortress.com.hk%2Fen%2Fshop%2Fhaha-travel%2Flc%2F120
Pre-approved (open),21367,Fossibot,fossibot.com,6%,CPS,Yes,https://linksredirect.com/?cid=226556&source=api&url=https%3A%2F%2Fus.fossibot.com%2F
Pre-approved (open),7242,Foundr,foundr.com,30%,CPS,Yes,https://linksredirect.com/?cid=226556&source=api&url=https%3A%2F%2Ffoundr.com%2Fpages%2Fmembership
Pre-approved (open),77940,Fraganote,fraganote.com,15%,CPS,Yes,https://linksredirect.com/?cid=226556&source=api&url=https%3A%2F%2Ffraganote.com%2F
Pre-approved (open),35925,Fragrancespice,fragrancespice.com,7.5%,CPS,Yes,https://linksredirect.com/?cid=226556&source=api&url=https%3A%2F%2Fwww.fragrancespice.com%2F
Pre-approved (open),2985,Franco Sarto,francosarto.com,2.25%,CPS,Yes,https://linksredirect.com/?cid=226556&source=api&url=https%3A%2F%2Fwww.francosarto.com%2F
Pre-approved (open),40628,Freaks of Nature,freaksofnature.com,7.5%,CPS,Yes,https://linksredirect.com/?cid=226556&source=api&url=https%3A%2F%2Ffreaksofnature.com%2F
Pre-approved (open),2156,French Connection,frenchconnection.com,1.5%,CPS,Yes,https://linksredirect.com/?cid=226556&source=api&url=https%3A%2F%2Fwww.frenchconnection.com%2F
Pre-approved (open),32983,Frenchbee United States,frenchbee.com,1.2%,CPS,No,https://linksredirect.com/?cid=226556&source=api&url=https%3A%2F%2Fus.frenchbee.com%2Fen
Pre-approved (open),79253,Freshokit,freshokit.com,37.5%,CPS,Yes,https://linksredirect.com/?cid=226556&source=api&url=https%3A%2F%2Ffreshokit.com%2F
Pre-approved (open),11153,Friends Adult Diapers,friendsdiaper.in,135 INR,CPS,Yes,https://linksredirect.com/?cid=226556&source=api&url=https%3A%2F%2Ffriendsdiaper.in%2F
Pre-approved (open),31520,Frizzlife,frizzlife.com,7.5%,CPS,Yes,https://linksredirect.com/?cid=226556&source=api&url=https%3A%2F%2Fwww.frizzlife.com
Pre-approved (open),37501,FuelOne,fuelone.in,4.13%,CPS,Yes,https://linksredirect.com/?cid=226556&source=api&url=https%3A%2F%2Fwww.fuelone.in%2F
Pre-approved (open),30883,Full Shine,fullshine.net,8.55%,CPS,Yes,https://linksredirect.com/?cid=226556&source=api&url=https%3A%2F%2Fwww.fullshine.net%2F
Pre-approved (open),8113,Funkoeurope,funkoeurope.com,6%,CPS,Yes,https://linksredirect.com/?cid=226556&source=api&url=https%3A%2F%2Ffunkoeurope.com
Pre-approved (open),18057,Funwhole,lumibricks.com,5.7%,CPS,No,https://linksredirect.com/?cid=226556&source=api&url=https%3A%2F%2Fwww.lumibricks.com%2F
Pre-approved (open),3705,Furlenco,furlenco.com,236.25 INR,CPS,Yes,https://linksredirect.com/?cid=226556&source=api&url=https%3A%2F%2Fwww.furlenco.com%2F
Pre-approved (open),4128,FutureLearn,futurelearn.com,7.5%,CPS,Yes,https://linksredirect.com/?cid=226556&source=api&url=https%3A%2F%2Fwww.futurelearn.com%2F
Pre-approved (open),23612,Fytoo,fytoo.com,5.7%,CPS,Yes,https://linksredirect.com/?cid=226556&source=api&url=https%3A%2F%2Fwww.fytoo.com%2F
Pre-approved (open),40125,Fyva,fyva.in,9%,CPS,Yes,https://linksredirect.com/?cid=226556&source=api&url=https%3A%2F%2Ffyva.in%2F
Pre-approved (open),35769,G4free,g4free.com,15%,CPS,Yes,https://linksredirect.com/?cid=226556&source=api&url=https%3A%2F%2Fg4free.com%2F
Pre-approved (open),6166,Gamer Saloon (US),gamersaloon.com,1856.42 INR,CPS,Yes,https://linksredirect.com/?cid=226556&source=api&url=https%3A%2F%2Fgamersaloon.com%2F
Pre-approved (open),11170,Gameseal,gameseal.com,2.14%,CPS,Yes,https://linksredirect.com/?cid=226556&source=api&url=https%3A%2F%2Fgameseal.com%2F
Pre-approved (open),58581,Gamesir,gamesir.com,2.63%,CPS,Yes,https://linksredirect.com/?cid=226556&source=api&url=https%3A%2F%2Fwww.gamesir.com
Pre-approved (open),5087,Gamivo,gamivo.com,3%,CPS,Yes,https://linksredirect.com/?cid=226556&source=api&url=https%3A%2F%2Fwww.gamivo.com%2F
Pre-approved (open),38989,Gamma,gamma.app,18.75%,CPS,Yes,https://linksredirect.com/?cid=226556&source=api&url=https%3A%2F%2Fgamma.app%2F
Pre-approved (open),9622,Garden of Wellness,gardenofwellness.com.au,9%,CPS,Yes,https://linksredirect.com/?cid=226556&source=api&url=https%3A%2F%2Fgardenofwellness.com.au%2F
Pre-approved (open),9572,GAT Sklep,gatsklep.pl,3.75%,CPS,Yes,https://linksredirect.com/?cid=226556&source=api&url=https%3A%2F%2Fgatsklep.pl%2F
Pre-approved (open),11138,Gate Operators Direct,gateoperatorsdirectusa.com,7.5%,CPS,Yes,https://linksredirect.com/?cid=226556&source=api&url=https%3A%2F%2Fgateoperatorsdirectusa.com
Pre-approved (open),40751,Gaudì,gaudi-fashion.com,7.5%,CPS,Yes,https://linksredirect.com/?cid=226556&source=api&url=https%3A%2F%2Fgaudi-fashion.com%2F
Pre-approved (open),37552,GearUp booster,gearupbooster.com,52.5%,CPS,No,https://linksredirect.com/?cid=226556&source=api&url=https%3A%2F%2Fwww.gearupbooster.com%2F
Pre-approved (open),49710,Geberich,geberich.eu,9%,CPS,Yes,https://linksredirect.com/?cid=226556&source=api&url=https%3A%2F%2Fgeberich.eu%2F
Pre-approved (open),9557,geekbitshirts,geekbitshirts.com,6%,CPS,Yes,https://linksredirect.com/?cid=226556&source=api&url=https%3A%2F%2Fgeekbitshirts.com%2F
Pre-approved (open),2932,GeekBuying,geekbuying.com,6%,CPS,Yes,https://linksredirect.com/?cid=226556&source=api&url=https%3A%2F%2Fwww.geekbuying.com%2F
Pre-approved (open),64750,Get Epic,getepic.com,5.25%,CPS,Yes,https://linksredirect.com/?cid=226556&source=api&url=https%3A%2F%2Fwww.getepic.com
Pre-approved (open),40171,Get Joy Food,getjoyfood.com,5.25%,CPS,Yes,https://linksredirect.com/?cid=226556&source=api&url=https%3A%2F%2Fgetjoyfood.com%2F
Pre-approved (open),12164,GetResponse,getresponse.com,30%,CPS,Yes,https://linksredirect.com/?cid=226556&source=api&url=https%3A%2F%2Fwww.getresponse.com%2F
Pre-approved (open),29847,Getscreen,getscreen.me,22.5%,CPS,Yes,https://linksredirect.com/?cid=226556&source=api&url=https%3A%2F%2Fgetscreen.me%2Fen%2F
Pre-approved (open),9581,GetYourGuide,getyourguide.com,5.25%,CPS,Yes,https://linksredirect.com/?cid=226556&source=api&url=https%3A%2F%2Fwww.getyourguide.com%2F
Pre-approved (open),34089,GharSoaps,gharsoaps.shop,11.25%,CPS,Yes,https://linksredirect.com/?cid=226556&source=api&url=https%3A%2F%2Fwww.gharsoaps.shop%2F
Pre-approved (open),37403,Giantfood,giantfood.com,5.63 INR,CPS,Yes,https://linksredirect.com/?cid=226556&source=api&url=https%3A%2F%2Fgiantfood.com
Pre-approved (open),3531,GiftCards,giftcards.com,2.25%,CPS,Yes,https://linksredirect.com/?cid=226556&source=api&url=https%3A%2F%2Fwww.giftcards.com%2F
Pre-approved (open),11905,Gifted Philippines,gifted.ph,1.05%,CPS,Yes,https://linksredirect.com/?cid=226556&source=api&url=https%3A%2F%2Fgifted.ph%2F
Pre-approved (open),31702,Gigsberg,gigsberg.com,3.75%,CPS,Yes,https://linksredirect.com/?cid=226556&source=api&url=https%3A%2F%2Fwww.gigsberg.com
Pre-approved (open),78604,Gillmanandco,gillmanandco.com,15%,CPS,Yes,https://linksredirect.com/?cid=226556&source=api&url=https%3A%2F%2Fwww.gillmanandco.com
Pre-approved (open),72225,Gingiberi,gingiberi.com,7.5%,CPS,Yes,https://linksredirect.com/?cid=226556&source=api&url=https%3A%2F%2Fgingiberi.com%2F
Pre-approved (open),29965,Gitmind,gitmind.com,22.5%,CPS,Yes,https://linksredirect.com/?cid=226556&source=api&url=https%3A%2F%2Fgitmind.com%2F
Pre-approved (open),6507,Gizmogo,gizmogo.com,3.56 INR,CPS,Yes,https://linksredirect.com/?cid=226556&source=api&url=https%3A%2F%2Fwww.gizmogo.com%2F
Pre-approved (open),7670,Glasseslit,glasseslit.com,5.03%,CPS,No,https://linksredirect.com/?cid=226556&source=api&url=https%3A%2F%2Fwww.glasseslit.com
Pre-approved (open),26314,Glideapps,glideapps.com,15%,CPS,Yes,https://linksredirect.com/?cid=226556&source=api&url=https%3A%2F%2Fwww.glideapps.com%2Fclassic
Pre-approved (open),35417,Goatlife,goatlife.co.in,11.25%,CPS,Yes,https://linksredirect.com/?cid=226556&source=api&url=https%3A%2F%2Fgoatlife.co.in%2F
Pre-approved (open),35187,Gobble,gobble.com,1167.13 INR,CPS,No,https://linksredirect.com/?cid=226556&source=api&url=https%3A%2F%2Fwww.gobble.com%2Faff-100%2F
Pre-approved (open),49844,Goddiva (US),goddiva.us,6%,CPS,Yes,https://linksredirect.com/?cid=226556&source=api&url=https%3A%2F%2Fgoddiva.us%2F
Pre-approved (open),238,Godrej Interio,interio.com,3%,CPS,Yes,https://linksredirect.com/?cid=226556&source=api&url=https%3A%2F%2Finterio.com%2F
Pre-approved (open),15240,GOELIA,goelia1995.com,5.7%,CPS,Yes,https://linksredirect.com/?cid=226556&source=api&url=https%3A%2F%2Fwww.goelia1995.com%2F
Pre-approved (open),3942,Goibibo Hotels,goibibo.com,210 INR,CPS,No,https://linksredirect.com/?cid=226556&source=api&url=https%3A%2F%2Fwww.goibibo.com%2Fhotels
Pre-approved (open),3278,Gonoise,gonoise.com,4.2%,CPS,Yes,https://linksredirect.com/?cid=226556&source=api&url=https%3A%2F%2Fwww.gonoise.com%2F
Pre-approved (open),28112,Goodness Lover,goodnesslover.com,15%,CPS,No,https://linksredirect.com/?cid=226556&source=api&url=https%3A%2F%2Fgoodnesslover.com%2F
Pre-approved (open),9544,Gooloo,gooloo.com,8.25%,CPS,Yes,https://linksredirect.com/?cid=226556&source=api&url=https%3A%2F%2Fus.gooloo.com%2F
Pre-approved (open),75192,Gostops,gostops.com,6.75%,CPS,Yes,https://linksredirect.com/?cid=226556&source=api&url=https%3A%2F%2Fwww.gostops.com
Pre-approved (open),14048,Gourmet Gift Basket Store,gourmetgiftbasketstore.com,7.5%,CPS,Yes,https://linksredirect.com/?cid=226556&source=api&url=https%3A%2F%2Fwww.gourmetgiftbasketstore.com
Pre-approved (open),7080,gourmetgiftbaskets,gourmetgiftbaskets.com,6.3%,CPS,Yes,https://linksredirect.com/?cid=226556&source=api&url=https%3A%2F%2Fwww.gourmetgiftbaskets.com
Pre-approved (open),7618,Gousto,gousto.co.uk,675 INR,CPS,Yes,https://linksredirect.com/?cid=226556&source=api&url=https%3A%2F%2Fwww.gousto.co.uk%2F
Pre-approved (open),7271,GOVEE,govee.com,3.75%,CPS,Yes,https://linksredirect.com/?cid=226556&source=api&url=https%3A%2F%2Fus.govee.com%2F
Pre-approved (open),5370,Gowabi TH,gowabi.com,1.05%,CPS,Yes,https://linksredirect.com/?cid=226556&source=api&url=https%3A%2F%2Fwww.gowabi.com%2Fen
Pre-approved (open),6215,Gramedia - ID,gramedia.com,2.4%,CPS,Yes,https://linksredirect.com/?cid=226556&source=api&url=https%3A%2F%2Fwww.gramedia.com%2F
Pre-approved (open),5821,Grand Patio,grandpatio.com,10.13%,CPS,Yes,https://linksredirect.com/?cid=226556&source=api&url=https%3A%2F%2Fwww.grandpatio.com%2F
Pre-approved (open),78679,Graniteprinting,graniteprinting.com,13.5%,CPS,Yes,https://linksredirect.com/?cid=226556&source=api&url=https%3A%2F%2Fwww.graniteprinting.com
Pre-approved (open),5892,Gravityforms,gravityforms.com,14.25%,CPS,Yes,https://linksredirect.com/?cid=226556&source=api&url=https%3A%2F%2Fwww.gravityforms.com%2F
Pre-approved (open),9223,Greg Norman Collection,gregnormancollection.com,3%,CPS,Yes,https://linksredirect.com/?cid=226556&source=api&url=https%3A%2F%2Fgregnormancollection.com%2F
Pre-approved (open),5061,Gritzo,gritzo.com,6.75%,CPS,Yes,https://linksredirect.com/?cid=226556&source=api&url=https%3A%2F%2Fwww.gritzo.com%2F
Pre-approved (open),5362,Guess MY,guess.my,3%,CPS,Yes,https://linksredirect.com/?cid=226556&source=api&url=https%3A%2F%2Fwww.guess.my%2F
Pre-approved (open),29517,Guilin Feiyu Technology Incorporated Company,feiyu-tech.com,7.5%,CPS,Yes,https://linksredirect.com/?cid=226556&source=api&url=https%3A%2F%2Fstore.feiyu-tech.com
Pre-approved (open),4684,Guvi,guvi.in,4.73%,CPS,Yes,https://linksredirect.com/?cid=226556&source=api&url=https%3A%2F%2Fwww.guvi.in%2F
Pre-approved (open),28196,Guzzini,guzzini.com,4.27%,CPS,Yes,https://linksredirect.com/?cid=226556&source=api&url=https%3A%2F%2Fguzzini.com%2F
Pre-approved (open),7268,H10 Hotels,h10hotels.com,3%,CPS,Yes,https://linksredirect.com/?cid=226556&source=api&url=https%3A%2F%2Fwww.h10hotels.com%2Fen
Pre-approved (open),7852,Haelf,haelf.com,15%,CPS,Yes,https://linksredirect.com/?cid=226556&source=api&url=https%3A%2F%2Fhaelf.com%2F
Pre-approved (open),79454,Haier,haierindia.com,7.5%,CPS,Yes,https://linksredirect.com/?cid=226556&source=api&url=https%3A%2F%2Fshop.haierindia.com%2F
Pre-approved (open),57971,Hailuoai,hailuoai.video,7.5%,CPS,Yes,https://linksredirect.com/?cid=226556&source=api&url=https%3A%2F%2Fhailuoai.video%2F
Pre-approved (open),50007,Hairbloom,hairbloomstore.com,7.5%,CPS,Yes,https://linksredirect.com/?cid=226556&source=api&url=https%3A%2F%2Fhairbloomstore.com%2F
Pre-approved (open),5068,Halara,thehalara.com,3%,CPS,Yes,https://linksredirect.com/?cid=226556&source=api&url=https%3A%2F%2Fthehalara.com%2F
Pre-approved (open),44213,Halara DE,thehalara.de,3.75%,CPS,Yes,https://linksredirect.com/?cid=226556&source=api&url=https%3A%2F%2Fthehalara.de%2F
Pre-approved (open),57751,Hamara Mall,hamaramall.com,15%,CPS,Yes,https://linksredirect.com/?cid=226556&source=api&url=https%3A%2F%2Fhamaramall.com%2F
Pre-approved (open),78107,Hamercop,hamercop.com,9%,CPS,Yes,https://linksredirect.com/?cid=226556&source=api&url=https%3A%2F%2Fhamercop.com%2F
Pre-approved (open),5544,Hamilton Island AU,hamiltonisland.com.au,4.5%,CPS,No,https://linksredirect.com/?cid=226556&source=api&url=https%3A%2F%2Fwww.hamiltonisland.com.au%2F
Pre-approved (open),4659,Hammer,hammeronline.in,4.5%,CPS,Yes,https://linksredirect.com/?cid=226556&source=api&url=https%3A%2F%2Fhammeronline.in%2F
Pre-approved (open),7868,Hana Emi,hanaemistore.com,7.13%,CPS,Yes,https://linksredirect.com/?cid=226556&source=api&url=https%3A%2F%2Fhanaemistore.com%2F
Pre-approved (open),9731,Happyandpolly,happyandpolly.com,7.5%,CPS,Yes,https://linksredirect.com/?cid=226556&source=api&url=https%3A%2F%2Fhappyandpolly.com
Pre-approved (open),4715,Harvey Nichols,harveynichols.com,1.28%,CPS,No,https://linksredirect.com/?cid=226556&source=api&url=https%3A%2F%2Fwww.harveynichols.com%2Fint%2F
Pre-approved (open),7291,Hasthemes,hasthemes.com,33.75%,CPS,Yes,https://linksredirect.com/?cid=226556&source=api&url=https%3A%2F%2Fhasthemes.com%2F
Pre-approved (open),40528,Hatke,thehatke.com,7.5%,CPS,Yes,https://linksredirect.com/?cid=226556&source=api&url=https%3A%2F%2Fthehatke.com%2F
Pre-approved (open),3956,Havells,havells.com,3%,CPS,Yes,https://linksredirect.com/?cid=226556&source=api&url=https%3A%2F%2Fhavells.com%2F
Pre-approved (open),4662,Hayman Coffee,haymancoffee.com,4.5%,CPS,No,https://linksredirect.com/?cid=226556&source=api&url=https%3A%2F%2Fwww.haymancoffee.com%2F
Pre-approved (open),14450,HB Digital Inc (photowhoa),photowhoa.com,15%,CPS,Yes,https://linksredirect.com/?cid=226556&source=api&url=https%3A%2F%2Fphotowhoa.com
Pre-approved (open),56497,HBADA,hbada.com,3.75%,CPS,Yes,https://linksredirect.com/?cid=226556&source=api&url=https%3A%2F%2Fhbada.com%2F
Pre-approved (open),5465,HDFC Bank Credit Card CPL,bank.in,1050 INR,CPL,No,https://linksredirect.com/?cid=226556&source=api&url=https%3A%2F%2Fapplyonline.hdfc.bank.in%2Fcards%2Fcredit-cards.html%23nbb
Pre-approved (open),5507,HDFC Bank Swiggy Credit Card CPL,bank.in,1829.25 INR,CPL,No,https://linksredirect.com/?cid=226556&source=api&url=https%3A%2F%2Fapplyonline.hdfc.bank.in%2Fcards%2Fcredit-cards.html
Pre-approved (open),847,HealthKart,healthkart.com,4.73%,CPS,Yes,https://linksredirect.com/?cid=226556&source=api&url=https%3A%2F%2Fwww.healthkart.com%2F
Pre-approved (open),3790,HealthXP,healthxp.in,1.28%,CPS,Yes,https://linksredirect.com/?cid=226556&source=api&url=https%3A%2F%2Fhealthxp.in%2F
Pre-approved (open),8573,Hebe Kampania PL,hebe.pl,4.5%,CPS,No,https://linksredirect.com/?cid=226556&source=api&url=https%3A%2F%2Fwww.hebe.pl%2F
Pre-approved (open),6229,Hedoine - UK,hedoine.com,4.5%,CPS,Yes,https://linksredirect.com/?cid=226556&source=api&url=https%3A%2F%2Fhedoine.com%2F
Pre-approved (open),3160,HelloFresh,hellofresh.com,5.13 INR,CPS,No,https://linksredirect.com/?cid=226556&source=api&url=https%3A%2F%2Fwww.hellofresh.com
Pre-approved (open),11547,Helloice,helloice.com,7.88%,CPS,Yes,https://linksredirect.com/?cid=226556&source=api&url=https%3A%2F%2Fwww.helloice.com%2F
Pre-approved (open),5678,Hemp Bombs,hempbombs.com,7.13%,CPS,Yes,https://linksredirect.com/?cid=226556&source=api&url=https%3A%2F%2Fhempbombs.com%2F
Pre-approved (open),444,Herbspro,herbspro.com,7.5%,CPS,Yes,https://linksredirect.com/?cid=226556&source=api&url=https%3A%2F%2Fwww.herbspro.com%2F
Pre-approved (open),27485,Herdiotech,herdiotech.com,7.13%,CPS,No,https://linksredirect.com/?cid=226556&source=api&url=https%3A%2F%2Fherdiotech.com%2F
Pre-approved (open),33882,Herman Miller,hermanmiller.hk,3%,CPS,Yes,https://linksredirect.com/?cid=226556&source=api&url=https%3A%2F%2Fwww.hermanmiller.hk
Pre-approved (open),8628,Hernest,hernest.com,4.27%,CPS,Yes,https://linksredirect.com/?cid=226556&source=api&url=https%3A%2F%2Fwww.hernest.com%2F
Pre-approved (open),37402,Hertz uk,hertz.co.uk,3.56%,CPS,Yes,https://linksredirect.com/?cid=226556&source=api&url=https%3A%2F%2Fwww.hertz.co.uk%2F
Pre-approved (open),37462,Hibrew,hibrew.com,7.5%,CPS,Yes,https://linksredirect.com/?cid=226556&source=api&url=https%3A%2F%2Fwww.hibrew.com%2F
Pre-approved (open),40441,Hichkie,hichkie.com,4.5%,CPS,Yes,https://linksredirect.com/?cid=226556&source=api&url=https%3A%2F%2Fhichkie.com%2F
Pre-approved (open),7321,High Sierra,highsierra.com,3.56%,CPS,Yes,https://linksredirect.com/?cid=226556&source=api&url=https%3A%2F%2Fshop.highsierra.com%2F
Pre-approved (open),5470,Highwood USA,highwood-usa.com,4.5%,CPS,Yes,https://linksredirect.com/?cid=226556&source=api&url=https%3A%2F%2Fhighwood-usa.com%2F
Pre-approved (open),8622,HINOMI,hinomi.co,2.14%,CPS,Yes,https://linksredirect.com/?cid=226556&source=api&url=https%3A%2F%2Fwww.hinomi.co%2F
Pre-approved (open),50165,HireMyMom.com,hiremymom.com,6%,CPS,Yes,https://linksredirect.com/?cid=226556&source=api&url=https%3A%2F%2Fwww.hiremymom.com
Pre-approved (open),4486,Hkvitals,hkvitals.com,13.5%,CPS,Yes,https://linksredirect.com/?cid=226556&source=api&url=https%3A%2F%2Fwww.hkvitals.com%2F
Pre-approved (open),19815,Hobibear,hobibear.com,7.5%,CPS,Yes,https://linksredirect.com/?cid=226556&source=api&url=https%3A%2F%2Fhobibear.com%2F
Pre-approved (open),5204,HOK Makeup,hokmakeup.com,9%,CPS,Yes,https://linksredirect.com/?cid=226556&source=api&url=https%3A%2F%2Fhokmakeup.com%2F
Pre-approved (open),41206,Hoka One US,hoka.com,1.49%,CPS,Yes,https://linksredirect.com/?cid=226556&source=api&url=https%3A%2F%2Fwww.hoka.com%2Fen%2Fus%2F
Pre-approved (open),13299,Holidayextras,holidayextras.com,1.05%,CPS,Yes,https://linksredirect.com/?cid=226556&source=api&url=https%3A%2F%2Fwww.holidayextras.com%2F
Pre-approved (open),3459,homary,homary.com,3.75%,CPS,No,https://linksredirect.com/?cid=226556&source=api&url=https%3A%2F%2Fwww.homary.com
Pre-approved (open),8670,Homescapes - UK,homescapesonline.com,2.25%,CPS,Yes,https://linksredirect.com/?cid=226556&source=api&url=https%3A%2F%2Fwww.homescapesonline.com%2F
Pre-approved (open),7311,Homestyler,homestyler.com,20.25%,CPS,Yes,https://linksredirect.com/?cid=226556&source=api&url=https%3A%2F%2Fwww.homestyler.com%2F
Pre-approved (open),9560,HopeGoo,hopegoo.com,2.63%,CPS,Yes,https://linksredirect.com/?cid=226556&source=api&url=https%3A%2F%2Fwww.hopegoo.com%2Fen-us
Pre-approved (open),6571,Hostarmada,hostarmada.com,29.25 INR,CPS,No,https://linksredirect.com/?cid=226556&source=api&url=https%3A%2F%2Fhostarmada.com%2F
Pre-approved (open),7559,Hostpapa,hostpapa.com,39 INR,CPS,No,https://linksredirect.com/?cid=226556&source=api&url=https%3A%2F%2Fwww.hostpapa.com%2F
Pre-approved (open),5426,Hot Octopuss,hotoctopuss.com,3.75%,CPS,Yes,https://linksredirect.com/?cid=226556&source=api&url=https%3A%2F%2Fwww.hotoctopuss.com%2F
Pre-approved (open),55339,Hotels.com ID,hotels.com,3%,CPS,Yes,https://linksredirect.com/?cid=226556&source=api&url=https%3A%2F%2Fid.hotels.com%2F
Pre-approved (open),6167,House of Cavani,cavani.co.uk,7.5%,CPS,Yes,https://linksredirect.com/?cid=226556&source=api&url=https%3A%2F%2Fwww.cavani.co.uk%2F
Pre-approved (open),37711,House of Marley,thehouseofmarley.com,7.13%,CPS,Yes,https://linksredirect.com/?cid=226556&source=api&url=https%3A%2F%2Fthehouseofmarley.com%2F
Pre-approved (open),7629,Hover,hover.com,10.5%,CPS,Yes,https://linksredirect.com/?cid=226556&source=api&url=https%3A%2F%2Fwww.hover.com%2F
Pre-approved (open),29644,Hozodesign,hozodesign.com,7.5%,CPS,Yes,https://linksredirect.com/?cid=226556&source=api&url=https%3A%2F%2Fhozodesign.com%2F
Pre-approved (open),5615,Htvront,htvront.com,5.25%,CPS,Yes,https://linksredirect.com/?cid=226556&source=api&url=https%3A%2F%2Fwww.htvront.com%2F
Pre-approved (open),8600,Huawei (MY) - CPS,huawei.com,7.5%,CPS,Yes,https://linksredirect.com/?cid=226556&source=api&url=https%3A%2F%2Fconsumer.huawei.com%2Fmy%2Foffer
Pre-approved (open),1618,Huawei - MY,huawei.com,2.25%,CPS,Yes,https://linksredirect.com/?cid=226556&source=api&url=https%3A%2F%2Fconsumer.huawei.com%2Fmy%2F
Pre-approved (open),9585,Huawei IT,huawei.com,3.08%,CPS,Yes,https://linksredirect.com/?cid=226556&source=api&url=https%3A%2F%2Fconsumer.huawei.com%2Fit%2Foffer
Pre-approved (open),30262,Hubstaff,hubstaff.com,11.25%,CPS,Yes,https://linksredirect.com/?cid=226556&source=api&url=https%3A%2F%2Fhubstaff.com%2F
Pre-approved (open),40776,Humalingo,humalingo.com,778.09 INR,CPS,No,https://linksredirect.com/?cid=226556&source=api&url=https%3A%2F%2Fhumalingo.com%2F
Pre-approved (open),5292,Humble Bundle,humblebundle.com,7.88%,CPS,No,https://linksredirect.com/?cid=226556&source=api&url=https%3A%2F%2Fwww.humblebundle.com%2F
Pre-approved (open),29920,Hume,hume.ai,3.75%,CPS,Yes,https://linksredirect.com/?cid=226556&source=api&url=https%3A%2F%2Fwww.hume.ai%2F
Pre-approved (open),8657,Humming Flowers - SG,hummings.com,3.75%,CPS,Yes,https://linksredirect.com/?cid=226556&source=api&url=https%3A%2F%2Fwww.hummings.com%2F
Pre-approved (open),5190,Hungryroot,hungryroot.com,324.2 INR,CPS,Yes,https://linksredirect.com/?cid=226556&source=api&url=https%3A%2F%2Fwww.hungryroot.com%2F
Pre-approved (open),33285,Hypermedica,hypermedica.com,3079.92 INR,CPS,Yes,https://linksredirect.com/?cid=226556&source=api&url=https%3A%2F%2Fonboarding.hypermedica.com%2F
Pre-approved (open),5280,Hyugalife,hyugalife.com,10.13%,CPS,Yes,https://linksredirect.com/?cid=226556&source=api&url=https%3A%2F%2Fwww.hyugalife.com
Pre-approved (open),3937,Ibacosmetics,ibacosmetics.com,12.75%,CPS,Yes,https://linksredirect.com/?cid=226556&source=api&url=https%3A%2F%2Fibacosmetics.com%2F
Pre-approved (open),6242,iberlibro,iberlibro.com,3.75%,CPS,Yes,https://linksredirect.com/?cid=226556&source=api&url=https%3A%2F%2Fwww.iberlibro.com%2F
Pre-approved (open),27577,Ibuture,ibuture.com,7.5%,CPS,Yes,https://linksredirect.com/?cid=226556&source=api&url=https%3A%2F%2Fwww.ibuture.com
Pre-approved (open),34599,Idealworld,idealworld.tv,2.1%,CPS,Yes,https://linksredirect.com/?cid=226556&source=api&url=https%3A%2F%2Fwww.idealworld.tv
Pre-approved (open),4606,IDFC First Bank Credit Card,bank.in,975 INR,CPL,No,https://linksredirect.com/?cid=226556&source=api&url=https%3A%2F%2Fwww.idfcfirst.bank.in%2Fcredit-card%2Fntb-diy%2Fapply
Pre-approved (open),21908,iEDM,iedm.com,2.25%,CPS,Yes,https://linksredirect.com/?cid=226556&source=api&url=https%3A%2F%2Fiedm.com
Pre-approved (open),6625,Ielts Practice Tests - US,ielts-practice-tests.com,15%,CPS,Yes,https://linksredirect.com/?cid=226556&source=api&url=https%3A%2F%2Fielts-practice-tests.com%2F
Pre-approved (open),3684,iHerb,iherb.com,2.49%,CPS,Yes,https://linksredirect.com/?cid=226556&source=api&url=https%3A%2F%2Fwww.iherb.com%2F
Pre-approved (open),14819,iMailer,imailerglobal.com,9%,CPS,Yes,https://linksredirect.com/?cid=226556&source=api&url=https%3A%2F%2Fimailerglobal.com
Pre-approved (open),4745,iMobie,imobie.com,28.5%,CPS,Yes,https://linksredirect.com/?cid=226556&source=api&url=https%3A%2F%2Fwww.imobie.com%2Fanytrans%2F
Pre-approved (open),4830,iMyFone,imyfone.com,22.8%,CPS,Yes,https://linksredirect.com/?cid=226556&source=api&url=https%3A%2F%2Fwww.imyfone.com%2F
Pre-approved (open),1850,Indian Gifts Portal,igp.com,7.43%,CPS,Yes,https://linksredirect.com/?cid=226556&source=api&url=https%3A%2F%2Fwww.igp.com%2F
Pre-approved (open),57514,Indulgeo Essentials,indulgeoessentials.com,13.5%,CPS,Yes,https://linksredirect.com/?cid=226556&source=api&url=https%3A%2F%2Findulgeoessentials.com%2F
Pre-approved (open),9496,Indusind Bajaj Tiger Credit Card,bank.in,675 INR,CPL,No,https://linksredirect.com/?cid=226556&source=api&url=https%3A%2F%2Finduseasycredit.indusind.bank.in%2Fcustomer%2Fcredit-card%2Flead
Pre-approved (open),4831,Indusind Credit Card CPL,bank.in,900 INR,CPL,No,https://linksredirect.com/?cid=226556&source=api&url=https%3A%2F%2Finduseasycredit.indusind.bank.in%2Fcustomer%2Fcredit-card%2Fnew-lead
Pre-approved (open),9712,INIKA Organic,inikaorganic.com,7.13%,CPS,Yes,https://linksredirect.com/?cid=226556&source=api&url=https%3A%2F%2Fwww.inikaorganic.com%2F
Pre-approved (open),17842,Iniushop,iniushop.com,7.13%,CPS,Yes,https://linksredirect.com/?cid=226556&source=api&url=https%3A%2F%2Finiushop.com%2F
Pre-approved (open),8642,Inmotion,inmotionworld.com,3.75%,CPS,Yes,https://linksredirect.com/?cid=226556&source=api&url=https%3A%2F%2Fstore.inmotionworld.com%2F
Pre-approved (open),6129,Innisfree - US,innisfree.com,2.25%,CPS,Yes,https://linksredirect.com/?cid=226556&source=api&url=https%3A%2F%2Fus.innisfree.com%2F
Pre-approved (open),19042,Innovetpet,innovetpet.com,11.25%,CPS,Yes,https://linksredirect.com/?cid=226556&source=api&url=https%3A%2F%2Fwww.innovetpet.com
Pre-approved (open),35377,Insurverse TH - CPA,insurverse.co.th,525%,CPS,Yes,https://linksredirect.com/?cid=226556&source=api&url=https%3A%2F%2Finsurverse.co.th%2F
Pre-approved (open),37465,Insynergy Labs,insynergy-labs.com,5.25%,CPS,Yes,https://linksredirect.com/?cid=226556&source=api&url=https%3A%2F%2Fwww.insynergy-labs.com%2F
Pre-approved (open),6520,International Open Academy,internationalopenacademy.com,14.25%,CPS,Yes,https://linksredirect.com/?cid=226556&source=api&url=https%3A%2F%2Finternationalopenacademy.com%2F
Pre-approved (open),5344,Internxt,internxt.com,3.75%,CPS,Yes,https://linksredirect.com/?cid=226556&source=api&url=https%3A%2F%2Finternxt.com%2F
Pre-approved (open),5695,InVideo,invideo.io,35.63%,CPS,Yes,https://linksredirect.com/?cid=226556&source=api&url=https%3A%2F%2Finvideo.io%2F
Pre-approved (open),7267,Inyarose,inyarose.com,10.69%,CPS,Yes,https://linksredirect.com/?cid=226556&source=api&url=https%3A%2F%2Fwww.inyarose.com%2F
Pre-approved (open),6508,Ipec Coaching,ipeccoaching.com,71.25 INR,CPS,Yes,https://linksredirect.com/?cid=226556&source=api&url=https%3A%2F%2Fwww.ipeccoaching.com%2F
Pre-approved (open),9140,IPRoyal,iproyal.com,7.13%,CPS,Yes,https://linksredirect.com/?cid=226556&source=api&url=https%3A%2F%2Fiproyal.com%2F
Pre-approved (open),5249,IPSY,ipsy.com,3.56 INR,CPS,Yes,https://linksredirect.com/?cid=226556&source=api&url=https%3A%2F%2Fwww.ipsy.com%2F
Pre-approved (open),6383,Iseehair,iseehair.com,3.75%,CPS,No,https://linksredirect.com/?cid=226556&source=api&url=https%3A%2F%2Fwww.iseehair.com
Pre-approved (open),3878,Italiarail,italiarail.com,2.25%,CPS,Yes,https://linksredirect.com/?cid=226556&source=api&url=https%3A%2F%2Fwww.italiarail.com%2F
Pre-approved (open),11807,italist,italist.com,9%,CPS,Yes,https://linksredirect.com/?cid=226556&source=api&url=https%3A%2F%2Fitalist.com%2F
Pre-approved (open),5490,ITC Hotels,itchotels.com,3%,CPS,No,https://linksredirect.com/?cid=226556&source=api&url=https%3A%2F%2Fwww.itchotels.com
Pre-approved (open),50515,IXL,ixl.com,7.88%,CPS,Yes,https://linksredirect.com/?cid=226556&source=api&url=https%3A%2F%2Fin.ixl.com%2F
Pre-approved (open),3570,Jack & Jones,jackjones.in,8.1%,CPS,Yes,https://linksredirect.com/?cid=226556&source=api&url=https%3A%2F%2Fwww.jackjones.in%2F
Pre-approved (open),12626,jacob,jacob.de,1.5%,CPS,No,https://linksredirect.com/?cid=226556&source=api&url=https%3A%2F%2Fwww.jacob.de
Pre-approved (open),37595,JADENS,jadens.com,6%,CPS,Yes,https://linksredirect.com/?cid=226556&source=api&url=https%3A%2F%2Fjadens.com%2F
Pre-approved (open),5555,Jaipur Rugs,jaipurrugs.com,5.25%,CPS,Yes,https://linksredirect.com/?cid=226556&source=api&url=https%3A%2F%2Fwww.jaipurrugs.com%2Fin%2F
Pre-approved (open),389,Jalbum,jalbum.net,15%,CPS,Yes,https://linksredirect.com/?cid=226556&source=api&url=https%3A%2F%2Fjalbum.net%2Fen%2F
Pre-approved (open),7051,James Michelle - US,jamesmichelle.com,7.5%,CPS,Yes,https://linksredirect.com/?cid=226556&source=api&url=https%3A%2F%2Fjamesmichelle.com%2F
Pre-approved (open),50540,Janet Howard,janethowardnyc.com,11.25%,CPS,Yes,https://linksredirect.com/?cid=226556&source=api&url=https%3A%2F%2Fjanethowardnyc.com%2F
Pre-approved (open),4678,Jar CPFT,google.com,30 INR,CPI - Android,No,https://linksredirect.com/?cid=226556&source=api&url=https%3A%2F%2Fplay.google.com%2Fstore%2Fapps%2Fdetails%3Fid%3Dcom.jar.app
Pre-approved (open),7752,Jartoo,jartoo.com,15%,CPS,Yes,https://linksredirect.com/?cid=226556&source=api&url=https%3A%2F%2Fjartoo.com%2F
Pre-approved (open),3081,Jaypore,jaypore.com,9%,CPS,No,https://linksredirect.com/?cid=226556&source=api&url=https%3A%2F%2Fwww.jaypore.com%2F
Pre-approved (open),4554,JD Sports,jdsports.com,3.75%,CPS,Yes,https://linksredirect.com/?cid=226556&source=api&url=https%3A%2F%2Fwww.jdsports.com%2F
Pre-approved (open),5659,JD Sports - ID,jdsports.id,2.85%,CPS,Yes,https://linksredirect.com/?cid=226556&source=api&url=https%3A%2F%2Fjdsports.id%2F
Pre-approved (open),5329,JD Sports SG,jdsports.com.sg,3.15%,CPS,Yes,https://linksredirect.com/?cid=226556&source=api&url=https%3A%2F%2Fwww.jdsports.com.sg%2F
Pre-approved (open),5387,JD Sports TH,jdsports.co.th,1.05%,CPS,Yes,https://linksredirect.com/?cid=226556&source=api&url=https%3A%2F%2Fwww.jdsports.co.th%2F
Pre-approved (open),77941,Jeena Sikho,jeenasikho.com,15.75%,CPS,Yes,https://linksredirect.com/?cid=226556&source=api&url=https%3A%2F%2Fstore.jeenasikho.com%2F
Pre-approved (open),78599,Jellova,jellova.com,11.25%,CPS,Yes,https://linksredirect.com/?cid=226556&source=api&url=https%3A%2F%2Fwww.jellova.com
Pre-approved (open),5870,Jellybuddy,jellybuddy.com,1.35%,CPS,Yes,https://linksredirect.com/?cid=226556&source=api&url=https%3A%2F%2Fwww.jellybuddy.com%2F
Pre-approved (open),11111,Jetpac Global,jetpacglobal.com,7.5%,CPS,Yes,https://linksredirect.com/?cid=226556&source=api&url=https%3A%2F%2Fwww.jetpacglobal.com%2Fus%2F
Pre-approved (open),3206,Jeulia Jewelry,jeulia.com,6%,CPS,Yes,https://linksredirect.com/?cid=226556&source=api&url=https%3A%2F%2Fwww.jeulia.com
Pre-approved (open),68376,Jevar,jevar.co,5.25%,CPS,Yes,https://linksredirect.com/?cid=226556&source=api&url=https%3A%2F%2Fwww.jevar.co
Pre-approved (open),12098,Jibble,jibble.io,37.5%,CPS,Yes,https://linksredirect.com/?cid=226556&source=api&url=https%3A%2F%2Fweb.jibble.io%2F
Pre-approved (open),623,Jill Martin,jillmartin.com,7.5%,CPS,Yes,https://linksredirect.com/?cid=226556&source=api&url=https%3A%2F%2Fjillmartin.com
Pre-approved (open),11150,Jivisa,jivisa.in,48.29%,CPS,Yes,https://linksredirect.com/?cid=226556&source=api&url=https%3A%2F%2Fjivisa.in%2F
Pre-approved (open),33263,JJs House,jjshouse.com,2.51%,CPS,Yes,https://linksredirect.com/?cid=226556&source=api&url=https%3A%2F%2Fwww.jjshouse.com
Pre-approved (open),57923,JMGO,jmgo.com,2.25%,CPS,Yes,https://linksredirect.com/?cid=226556&source=api&url=https%3A%2F%2Fglobal.jmgo.com%2F
Pre-approved (open),55421,Jobnix,myjobnix.com,15%,CPS,Yes,https://linksredirect.com/?cid=226556&source=api&url=https%3A%2F%2Fwww.myjobnix.com
Pre-approved (open),66921,Jobright.ai,jobright.ai,10.5%,CPS,Yes,https://linksredirect.com/?cid=226556&source=api&url=https%3A%2F%2Fjobright.ai%2F
Pre-approved (open),2397,Jockey,jockey.in,9.75%,CPS,Yes,https://linksredirect.com/?cid=226556&source=api&url=https%3A%2F%2Fwww.jockey.in%2F
Pre-approved (open),7146,Joom,joom.com,14.42%,CPS,Yes,https://linksredirect.com/?cid=226556&source=api&url=https%3A%2F%2Fwww.joom.com%2Fen
Pre-approved (open),4473,Jowissa,jowissa.com,15%,CPS,Yes,https://linksredirect.com/?cid=226556&source=api&url=https%3A%2F%2Fwww.jowissa.com
Pre-approved (open),39769,Joybuy UK,joybuy.co.uk,2.1%,CPS,Yes,https://linksredirect.com/?cid=226556&source=api&url=https%3A%2F%2Fwww.joybuy.co.uk%2F
Pre-approved (open),33312,Joydeco,joydeco.com,7.5%,CPS,Yes,https://linksredirect.com/?cid=226556&source=api&url=https%3A%2F%2Fjoydeco.com%2F
Pre-approved (open),40333,Joyrealtoys,joyrealtoys.com,11.25%,CPS,Yes,https://linksredirect.com/?cid=226556&source=api&url=https%3A%2F%2Fjoyrealtoys.com%2F
Pre-approved (open),80704,JSW Asian Games,six5six.in,600 INR,CPS,Yes,https://linksredirect.com/?cid=226556&source=api&url=https%3A%2F%2Fsix5six.in%2F
Pre-approved (open),35045,Jugbow,jugbow.com,7.5%,CPS,Yes,https://linksredirect.com/?cid=226556&source=api&url=https%3A%2F%2Fjugbow.com%2F
Pre-approved (open),21278,Junglescout,junglescout.com,15.75%,CPS,Yes,https://linksredirect.com/?cid=226556&source=api&url=https%3A%2F%2Fwww.junglescout.com
Pre-approved (open),40124,Juntos,juntos.co,18.75%,CPS,Yes,https://linksredirect.com/?cid=226556&source=api&url=https%3A%2F%2Fjuntos.co%2F
Pre-approved (open),4377,Just Fashion Now,justfashionnow.com,7.5%,CPS,Yes,https://linksredirect.com/?cid=226556&source=api&url=https%3A%2F%2Fwww.justfashionnow.com
Pre-approved (open),50652,Kallati,kallati.com,7.5%,CPS,Yes,https://linksredirect.com/?cid=226556&source=api&url=https%3A%2F%2Fkallati.com
Pre-approved (open),4161,Kama Ayurveda,kamaayurveda.in,18.75%,CPS,Yes,https://linksredirect.com/?cid=226556&source=api&url=https%3A%2F%2Fwww.kamaayurveda.in%2F
Pre-approved (open),3949,Kapiva,kapiva.in,13.5%,CPS,Yes,https://linksredirect.com/?cid=226556&source=api&url=https%3A%2F%2Fkapiva.in%2F
Pre-approved (open),55761,Kartra,kartra.com,30%,CPS,Yes,https://linksredirect.com/?cid=226556&source=api&url=https%3A%2F%2Fkartra.com%2F
Pre-approved (open),5559,Keeper Security,keepersecurity.com,7.5%,CPS,Yes,https://linksredirect.com/?cid=226556&source=api&url=https%3A%2F%2Fwww.keepersecurity.com%2F
Pre-approved (open),57577,Kenaz Perfumes,kenazperfumes.com,3%,CPS,Yes,https://linksredirect.com/?cid=226556&source=api&url=https%3A%2F%2Fkenazperfumes.com%2F
Pre-approved (open),78709,Kestos,kestos.com,7.5%,CPS,Yes,https://linksredirect.com/?cid=226556&source=api&url=https%3A%2F%2Fwww.kestos.com%2F
Pre-approved (open),36458,khadi Natural,khadinatural.com,13.5%,CPS,Yes,https://linksredirect.com/?cid=226556&source=api&url=https%3A%2F%2Fwww.khadinatural.com%2F
Pre-approved (open),4555,Kicks Crew,kickscrew.com,2.28%,CPS,Yes,https://linksredirect.com/?cid=226556&source=api&url=https%3A%2F%2Fwww.kickscrew.com%2F
Pre-approved (open),2899,Kidrobot,kidrobot.com,7.5%,CPS,Yes,https://linksredirect.com/?cid=226556&source=api&url=https%3A%2F%2Fwww.kidrobot.com%2F
Pre-approved (open),50724,Kiehls Singapore,kiehls.com.sg,7.13%,CPS,Yes,https://linksredirect.com/?cid=226556&source=api&url=https%3A%2F%2Fwww.kiehls.com.sg%2F
Pre-approved (open),5563,Kiierr Laser Caps,kiierr.com,7.13%,CPS,Yes,https://linksredirect.com/?cid=226556&source=api&url=https%3A%2F%2Fkiierr.com%2F
Pre-approved (open),5122,Kindlife,kindlife.in,3.75%,CPS,Yes,https://linksredirect.com/?cid=226556&source=api&url=https%3A%2F%2Fkindlife.in%2F
Pre-approved (open),3208,King Ice,kingice.com,7.5%,CPS,Yes,https://linksredirect.com/?cid=226556&source=api&url=https%3A%2F%2Fwww.kingice.com%2F
Pre-approved (open),5213,King Power (TH),kingpower.com,2.1%,CPS,Yes,https://linksredirect.com/?cid=226556&source=api&url=https%3A%2F%2Fwww.kingpower.com%2F
Pre-approved (open),32984,Kingbull Bike,kingbullbike.com,6%,CPS,Yes,https://linksredirect.com/?cid=226556&source=api&url=https%3A%2F%2Fwww.kingbullbike.com%2F
Pre-approved (open),64811,Kingcampoutdoors,kingcampoutdoors.com,5.25%,CPS,Yes,https://linksredirect.com/?cid=226556&source=api&url=https%3A%2F%2Fwww.kingcampoutdoors.com
Pre-approved (open),17478,Kingsyard,kingsyard.com,7.5%,CPS,Yes,https://linksredirect.com/?cid=226556&source=api&url=https%3A%2F%2Fwww.kingsyard.com
Pre-approved (open),3277,Kinguin,kinguin.net,11.25%,CPS,Yes,https://linksredirect.com/?cid=226556&source=api&url=https%3A%2F%2Fwww.kinguin.net
Pre-approved (open),5231,Kinokuniya Malaysia,kinokuniya.com,3%,CPS,Yes,https://linksredirect.com/?cid=226556&source=api&url=https%3A%2F%2Fmalaysia.kinokuniya.com%2F
Pre-approved (open),5356,Kinokuniya Thailand,kinokuniya.com,3%,CPS,Yes,https://linksredirect.com/?cid=226556&source=api&url=https%3A%2F%2Fthailand.kinokuniya.com%2F
Pre-approved (open),33269,Kirbebike,kirbebike.com,7.13%,CPS,Yes,https://linksredirect.com/?cid=226556&source=api&url=https%3A%2F%2Fkirbebike.com%2F
Pre-approved (open),18841,Kittl,kittl.com,10.5%,CPS,Yes,https://linksredirect.com/?cid=226556&source=api&url=https%3A%2F%2Fwww.kittl.com
Pre-approved (open),3209,Kiwi,kiwi.com,2.1%,CPS,No,https://linksredirect.com/?cid=226556&source=api&url=https%3A%2F%2Fwww.kiwi.com%2Fus%2F
Pre-approved (open),9547,Kiwi Credit Cards CPL,gokiwi.in,1650 INR,CPL,No,https://linksredirect.com/?cid=226556&source=api&url=https%3A%2F%2Fapply.gokiwi.in%2F
Pre-approved (open),76049,Kizen,kizenskincare.com,7.5%,CPS,Yes,https://linksredirect.com/?cid=226556&source=api&url=https%3A%2F%2Fkizenskincare.com%2F
Pre-approved (open),3429,KKday,kkday.com,2.63%,CPS,Yes,https://linksredirect.com/?cid=226556&source=api&url=https%3A%2F%2Fwww.kkday.com%2Fen
Pre-approved (open),8656,Kleem Organics - US,kleemorganics.com,7.88%,CPS,Yes,https://linksredirect.com/?cid=226556&source=api&url=https%3A%2F%2Fkleemorganics.com%2F
Pre-approved (open),3553,Klook,klook.com,3.56%,CPS,Yes,https://linksredirect.com/?cid=226556&source=api&url=https%3A%2F%2Fwww.klook.com%2F
Pre-approved (open),26125,knopfwatches,knopfwatches.com,11.25%,CPS,Yes,https://linksredirect.com/?cid=226556&source=api&url=https%3A%2F%2Fknopfwatches.com%2Fproducts%2Fknopf-ny-405-blue-steel%3F_pos%3D1%26_psq%3Dknopf-ny-405-blue-steel%26_ss%3De%26_v%3D1.0
Pre-approved (open),6476,Kollyy,kollyy.com,9.98%,CPS,Yes,https://linksredirect.com/?cid=226556&source=api&url=https%3A%2F%2Fkollyy.com%2F
Pre-approved (open),9571,Konsimo.pl,konsimo.pl,3.83%,CPS,Yes,https://linksredirect.com/?cid=226556&source=api&url=https%3A%2F%2Fkonsimo.pl%2F
Pre-approved (open),77097,koppen,koppen.co,7.5%,CPS,Yes,https://linksredirect.com/?cid=226556&source=api&url=https%3A%2F%2Fwww.koppen.co%2F
Pre-approved (open),34496,Korres,korres.com,1.5%,CPS,Yes,https://linksredirect.com/?cid=226556&source=api&url=https%3A%2F%2Fuk.korres.com%2F
Pre-approved (open),11123,KOSPET Smartwatch,kospet.com,4.27%,CPS,Yes,https://linksredirect.com/?cid=226556&source=api&url=https%3A%2F%2Fkospet.com%2F
Pre-approved (open),3766,Kotak 811 CPL,kotak811.com,210 INR,CPL,No,https://linksredirect.com/?cid=226556&source=api&url=https%3A%2F%2Fwww.kotak811.com%2Fopen-zero-balance-savings-account
Pre-approved (open),40775,Krafted Millets,kraftedmillets.com,9%,CPS,Yes,https://linksredirect.com/?cid=226556&source=api&url=https%3A%2F%2Fkraftedmillets.com%2F
Pre-approved (open),9725,Kratom Kava Bar (US),kratomkavabar.com,15%,CPS,Yes,https://linksredirect.com/?cid=226556&source=api&url=https%3A%2F%2Fkratomkavabar.com%2F
Pre-approved (open),5698,KRCS Apple Premium Reseller,krcs.co.uk,7.5%,CPS,Yes,https://linksredirect.com/?cid=226556&source=api&url=https%3A%2F%2Fwww.krcs.co.uk%2F
Pre-approved (open),34221,Kreditpe,kredit.pe,1350 INR,CPL,No,https://linksredirect.com/?cid=226556&source=api&url=https%3A%2F%2Fwww.kredit.pe%2Fcards
Pre-approved (open),5423,Krishna Ayurveda,krishnaayurved.com,6.75%,CPS,Yes,https://linksredirect.com/?cid=226556&source=api&url=https%3A%2F%2Fkrishnaayurved.com%2F
Pre-approved (open),35698,Krisp AI,krisp.ai,15.75%,CPS,No,https://linksredirect.com/?cid=226556&source=api&url=https%3A%2F%2Fkrisp.ai
Pre-approved (open),6552,KTC Credit Card (TH) - CPL,ktc.co.th,648.41 INR,CPL,Yes,https://linksredirect.com/?cid=226556&source=api&url=https%3A%2F%2Fwww.ktc.co.th%2Fapply%2Fth%2Fcredit-card-iac
Pre-approved (open),7692,kurlon,kurlon.com,15%,CPS,No,https://linksredirect.com/?cid=226556&source=api&url=https%3A%2F%2Fkurlon.com%2F
Pre-approved (open),7327,La Gent,la-gent.com,3.75%,CPS,Yes,https://linksredirect.com/?cid=226556&source=api&url=https%3A%2F%2Fla-gent.com%2F
Pre-approved (open),36227,Lahome Decor,lahomedecor.com,9%,CPS,Yes,https://linksredirect.com/?cid=226556&source=api&url=https%3A%2F%2Flahomedecor.com%2F
Pre-approved (open),11119,Lancome Malaysia,lancome.com.my,3.56%,CPS,Yes,https://linksredirect.com/?cid=226556&source=api&url=https%3A%2F%2Fwww.lancome.com.my%2F
Pre-approved (open),11118,Lancome Singapore,lancome.com.sg,3.56%,CPS,Yes,https://linksredirect.com/?cid=226556&source=api&url=https%3A%2F%2Fwww.lancome.com.sg%2F
Pre-approved (open),50928,Lane Woods,lanewoodsjewelry.com,6%,CPS,Yes,https://linksredirect.com/?cid=226556&source=api&url=https%3A%2F%2Fwww.lanewoodsjewelry.com
Pre-approved (open),11130,LapakGaming - CPS,lapakgaming.com,1.35%,CPS,Yes,https://linksredirect.com/?cid=226556&source=api&url=https%3A%2F%2Fwww.lapakgaming.com
Pre-approved (open),25240,Larosastyle,larosastyle.com,7.13%,CPS,Yes,https://linksredirect.com/?cid=226556&source=api&url=https%3A%2F%2Fwww.larosastyle.com%2F
Pre-approved (open),13392,Lastminute DE,lastminute.de,0.75%,CPS,No,https://linksredirect.com/?cid=226556&source=api&url=https%3A%2F%2Fwww.lastminute.de
Pre-approved (open),37476,lastminute.com ES,lastminute.com,0.75%,CPS,No,https://linksredirect.com/?cid=226556&source=api&url=https%3A%2F%2Fwww.es.lastminute.com
Pre-approved (open),34149,LATAM Airlines,latamairlines.com,1.13%,CPS,No,https://linksredirect.com/?cid=226556&source=api&url=https%3A%2F%2Fwww.latamairlines.com%2F
Pre-approved (open),11573,Latestbuy,latestbuy.com.au,3.75%,CPS,Yes,https://linksredirect.com/?cid=226556&source=api&url=https%3A%2F%2Fwww.latestbuy.com.au
Pre-approved (open),60438,Launchauto,launchauto.com,6%,CPS,Yes,https://linksredirect.com/?cid=226556&source=api&url=https%3A%2F%2Fsea.launchauto.com%2F
Pre-approved (open),58001,Lavieworld,lavieworld.com,15%,CPS,Yes,https://linksredirect.com/?cid=226556&source=api&url=https%3A%2F%2Fwww.lavieworld.com%2F
Pre-approved (open),2050,Lazada Singapore,lazada.sg,60%,CPS,Yes,https://linksredirect.com/?cid=226556&source=api&url=https%3A%2F%2Fwww.lazada.sg%2F
Pre-approved (open),73465,Lcatencio,lcatencio.com,18.75%,CPS,Yes,https://linksredirect.com/?cid=226556&source=api&url=https%3A%2F%2Flcatencio.com%2F
Pre-approved (open),37795,Leadfeeder,leadfeeder.com,6484.05 INR,CPS,Yes,https://linksredirect.com/?cid=226556&source=api&url=https%3A%2F%2Fwww.leadfeeder.com%2F
Pre-approved (open),4031,Leadpages,leadpages.com,25936.2 INR,CPS,Yes,https://linksredirect.com/?cid=226556&source=api&url=https%3A%2F%2Fleadpages.com%2F
Pre-approved (open),5854,Learning with Experts,learningwithexperts.com,7.5%,CPS,Yes,https://linksredirect.com/?cid=226556&source=api&url=https%3A%2F%2Fwww.learningwithexperts.com%2F
Pre-approved (open),12092,learnworlds,learnworlds.com,18.75%,CPS,Yes,https://linksredirect.com/?cid=226556&source=api&url=https%3A%2F%2Fwww.learnworlds.com%2F
Pre-approved (open),12047,Lebara UK,lebara.co.uk,22.58 INR,CPS,Yes,https://linksredirect.com/?cid=226556&source=api&url=https%3A%2F%2Fwww.lebara.co.uk%2F
Pre-approved (open),13431,Ledequipped,ledequipped.com,7.5%,CPS,Yes,https://linksredirect.com/?cid=226556&source=api&url=https%3A%2F%2Fwww.ledequipped.com%2F
Pre-approved (open),33790,LegendaryHide,legendaryhide.com,7.5%,CPS,Yes,https://linksredirect.com/?cid=226556&source=api&url=https%3A%2F%2Flegendaryhide.com%2F
Pre-approved (open),11183,Lego United Kingdom,lego.com,2.85%,CPS,No,https://linksredirect.com/?cid=226556&source=api&url=https%3A%2F%2Fwww.lego.com%2Fen-gb
Pre-approved (open),40755,Lelang Skincare,lelangskincare.com,4.28%,CPS,Yes,https://linksredirect.com/?cid=226556&source=api&url=https%3A%2F%2Flelangskincare.com%2F
Pre-approved (open),4588,Lelo,lelo.com,3.75%,CPS,No,https://linksredirect.com/?cid=226556&source=api&url=https%3A%2F%2Fwww.lelo.com%2F
Pre-approved (open),66926,Lemorele,lemorele.com,7.5%,CPS,Yes,https://linksredirect.com/?cid=226556&source=api&url=https%3A%2F%2Fus.lemorele.com
Pre-approved (open),33324,Lenme,lenme.com,2.25 INR,CPS,Yes,https://linksredirect.com/?cid=226556&source=api&url=https%3A%2F%2Fwww.lenme.com
Pre-approved (open),35313,Lenme CPFT - IOS,apple.com,37.5 INR,CPI - IOS,No,https://linksredirect.com/?cid=226556&source=api&url=https%3A%2F%2Fapps.apple.com%2FUS%2Fapp%2Fid1409169287%3Fmt%3D8
Pre-approved (open),823,Lenovo India,lenovo.com,3%,CPS,Yes,https://linksredirect.com/?cid=226556&source=api&url=https%3A%2F%2Fwww.lenovo.com%2Fin%2Fen%2F
Pre-approved (open),7241,LePARMENTIER Paris,le-parmentier.com,8.55%,CPS,Yes,https://linksredirect.com/?cid=226556&source=api&url=https%3A%2F%2Fle-parmentier.com%2F
Pre-approved (open),51200,Lesko (US),lesko.com,37.5%,CPS,Yes,https://linksredirect.com/?cid=226556&source=api&url=https%3A%2F%2Fwww.free.lesko.com
Pre-approved (open),77070,Let's Try,letstryfoods.com,7.5%,CPS,No,https://linksredirect.com/?cid=226556&source=api&url=https%3A%2F%2Fletstryfoods.com%2F
Pre-approved (open),5283,Lets Beco,letsbeco.com,15%,CPS,Yes,https://linksredirect.com/?cid=226556&source=api&url=https%3A%2F%2Fwww.letsbeco.com%2F
Pre-approved (open),3706,Levis,levi.in,12.75%,CPS,Yes,https://linksredirect.com/?cid=226556&source=api&url=https%3A%2F%2Flevi.in%2F
Pre-approved (open),4557,Levis HK,levi.com.hk,4.5%,CPS,Yes,https://linksredirect.com/?cid=226556&source=api&url=https%3A%2F%2Fwww.levi.com.hk%2F
Pre-approved (open),11173,LG Australia,lg.com,0.75%,CPS,Yes,https://linksredirect.com/?cid=226556&source=api&url=https%3A%2F%2Fwww.lg.com%2Fau%2F
Pre-approved (open),7435,LG Thailand,lg.com,2.88%,CPS,Yes,https://linksredirect.com/?cid=226556&source=api&url=https%3A%2F%2Fwww.lg.com%2Fth%2F
Pre-approved (open),4613,Libas,libas.in,5.25%,CPS,Yes,https://linksredirect.com/?cid=226556&source=api&url=https%3A%2F%2Fwww.libas.in%2F
Pre-approved (open),5671,Liberty London,libertylondon.com,3%,CPS,Yes,https://linksredirect.com/?cid=226556&source=api&url=https%3A%2F%2Fwww.libertylondon.com%2F
Pre-approved (open),35376,Libresse,libresse.com.br,5.63%,CPS,Yes,https://linksredirect.com/?cid=226556&source=api&url=https%3A%2F%2Fwww.libresse.com.br%2F
Pre-approved (open),9599,Lidl CZ,lidl.cz,3.38%,CPS,Yes,https://linksredirect.com/?cid=226556&source=api&url=https%3A%2F%2Fwww.lidl.cz
Pre-approved (open),9499,Life Cykel UK,lifecykel.uk,4.5%,CPS,Yes,https://linksredirect.com/?cid=226556&source=api&url=https%3A%2F%2Flifecykel.uk%2F
Pre-approved (open),12137,Lifeisgood.com,lifeisgood.com,1.58%,CPS,Yes,https://linksredirect.com/?cid=226556&source=api&url=https%3A%2F%2Flifeisgood.com%2F
Pre-approved (open),56028,Lifelong,lifelongindiaonline.com,13.13%,CPS,Yes,https://linksredirect.com/?cid=226556&source=api&url=https%3A%2F%2Fwww.lifelongindiaonline.com%2F
Pre-approved (open),7653,Lifepro - US,lifeprofitness.com,1.5%,CPS,Yes,https://linksredirect.com/?cid=226556&source=api&url=https%3A%2F%2Flifeprofitness.com%2F
Pre-approved (open),7426,LifeStride,lifestride.com,2.25%,CPS,Yes,https://linksredirect.com/?cid=226556&source=api&url=https%3A%2F%2Fwww.lifestride.com%2F
Pre-approved (open),6127,Lightailing,lightailing.com,5.7%,CPS,Yes,https://linksredirect.com/?cid=226556&source=api&url=https%3A%2F%2Fwww.lightailing.com%2F
Pre-approved (open),15002,lightopia,lightopia.com,3.15%,CPS,No,https://linksredirect.com/?cid=226556&source=api&url=https%3A%2F%2Fwww.lightopia.com
Pre-approved (open),30300,Lightpdf,lightpdf.com,17.81%,CPS,Yes,https://linksredirect.com/?cid=226556&source=api&url=https%3A%2F%2Flightpdf.com%2F
Pre-approved (open),4736,Lilicloth,lilicloth.com,8.55%,CPS,Yes,https://linksredirect.com/?cid=226556&source=api&url=https%3A%2F%2Flilicloth.com%2F
Pre-approved (open),5097,Lilysilk,lilysilk.com,6.38%,CPS,Yes,https://linksredirect.com/?cid=226556&source=api&url=https%3A%2F%2Fwww.lilysilk.com%2F
Pre-approved (open),57530,LinenClub,linenclub.com,7.5%,CPS,Yes,https://linksredirect.com/?cid=226556&source=api&url=https%3A%2F%2Flinenclub.com
Pre-approved (open),8643,Little Tikes,littletikes.com,2.63%,CPS,Yes,https://linksredirect.com/?cid=226556&source=api&url=https%3A%2F%2Fwww.littletikes.com%2F
Pre-approved (open),6718,Littlesleepies,littlesleepies.com,0.6%,CPS,Yes,https://linksredirect.com/?cid=226556&source=api&url=https%3A%2F%2Flittlesleepies.com
Pre-approved (open),32941,Littlespoon,littlespoon.com,3%,CPS,Yes,https://linksredirect.com/?cid=226556&source=api&url=https%3A%2F%2Fwww.littlespoon.com
Pre-approved (open),6644,LivCo Corsetti Fashion,livcocorsetti.eu,8.25%,CPS,Yes,https://linksredirect.com/?cid=226556&source=api&url=https%3A%2F%2Flivcocorsetti.eu%2F
Pre-approved (open),36234,Livestorm,livestorm.co,5.25%,CPS,Yes,https://linksredirect.com/?cid=226556&source=api&url=https%3A%2F%2Flivestorm.co%2F
Pre-approved (open),80728,Living Shapes,livingshapes.in,3.75%,CPS,Yes,https://linksredirect.com/?cid=226556&source=api&url=https%3A%2F%2Flivingshapes.in%2F
Pre-approved (open),4274,Livpure Smart,livpuresmart.com,525 INR,CPS,Yes,https://linksredirect.com/?cid=226556&source=api&url=https%3A%2F%2Fwww.livpuresmart.com%2Fro-subscription%2Fnlp
Pre-approved (open),6175,Liz Earle,lizearle.com,3%,CPS,Yes,https://linksredirect.com/?cid=226556&source=api&url=https%3A%2F%2Fwww.lizearle.com%2F
Pre-approved (open),9511,Loan Hub CPL,loanhubindia.com,900 INR,CPL,No,https://linksredirect.com/?cid=226556&source=api&url=https%3A%2F%2Floanhubindia.com%2Fapply-now%2F
Pre-approved (open),5562,Loan Online CPL - PH,loanonline.ph,518.72 INR,CPL,No,https://linksredirect.com/?cid=226556&source=api&url=https%3A%2F%2Fwww.loanonline.ph%2F
Pre-approved (open),7031,Locauto,locautorent.com,6%,CPS,Yes,https://linksredirect.com/?cid=226556&source=api&url=https%3A%2F%2Fwww.locautorent.com%2Fit%2F
Pre-approved (open),4964,Loccitane Au,loccitane.com,2.25%,CPS,Yes,https://linksredirect.com/?cid=226556&source=api&url=https%3A%2F%2Fau.loccitane.com%2F
Pre-approved (open),3171,Logitech,logitech.com,2.1%,CPS,Yes,https://linksredirect.com/?cid=226556&source=api&url=https%3A%2F%2Fwww.logitech.com
Pre-approved (open),13643,Logo-matten,logo-matten.com,7.5%,CPS,Yes,https://linksredirect.com/?cid=226556&source=api&url=https%3A%2F%2Fwww.logo-matten.com
Pre-approved (open),15504,Logos Nutritionals LLC,logosnutritionals.com,7.5%,CPS,Yes,https://linksredirect.com/?cid=226556&source=api&url=https%3A%2F%2Flogosnutritionals.com
Pre-approved (open),5818,lollyhair.com,lollyhair.com,5.7%,CPS,Yes,https://linksredirect.com/?cid=226556&source=api&url=https%3A%2F%2Flollyhair.com%2F
Pre-approved (open),64663,Londontheatre,londontheatre.co.uk,1.05%,CPS,Yes,https://linksredirect.com/?cid=226556&source=api&url=https%3A%2F%2Fwww.londontheatre.co.uk
Pre-approved (open),5841,LONGER,longer3d.com,3.75%,CPS,Yes,https://linksredirect.com/?cid=226556&source=api&url=https%3A%2F%2Fwww.longer3d.com
Pre-approved (open),6350,Lono,thelono.com,11.25%,CPS,Yes,https://linksredirect.com/?cid=226556&source=api&url=https%3A%2F%2Fthelono.com%2F
Pre-approved (open),5333,Loop Earplugs,loopearplugs.in,13.13%,CPS,Yes,https://linksredirect.com/?cid=226556&source=api&url=https%3A%2F%2Floopearplugs.in%2F
Pre-approved (open),43994,loopearplugs,loopearplugs.com,13.13%,CPS,Yes,https://linksredirect.com/?cid=226556&source=api&url=https%3A%2F%2Fwww.loopearplugs.com
Pre-approved (open),6493,Lordhair,lordhair.com,3.38%,CPS,Yes,https://linksredirect.com/?cid=226556&source=api&url=https%3A%2F%2Fwww.lordhair.com%2F
Pre-approved (open),11139,LOT Polish Airlines,lot.com,0.75%,CPS,No,https://linksredirect.com/?cid=226556&source=api&url=https%3A%2F%2Fwww.lot.com%2Fin%2Fen
Pre-approved (open),6192,Lotus - MY,lotuss.com.my,1.58%,CPS,Yes,https://linksredirect.com/?cid=226556&source=api&url=https%3A%2F%2Fwww.lotuss.com.my%2Fen
Pre-approved (open),78523,Lousamui,lousamui.com,15%,CPS,Yes,https://linksredirect.com/?cid=226556&source=api&url=https%3A%2F%2Fwww.lousamui.com
Pre-approved (open),7395,Love Bonito - ID,lovebonito.com,5.25%,CPS,Yes,https://linksredirect.com/?cid=226556&source=api&url=https%3A%2F%2Fwww.lovebonito.com%2Fid
Pre-approved (open),7396,Love Bonito - PH,lovebonito.com,5.25%,CPS,Yes,https://linksredirect.com/?cid=226556&source=api&url=https%3A%2F%2Fwww.lovebonito.com%2Fph
Pre-approved (open),40578,Love theatre,lovetheatre.com,1.8%,CPS,No,https://linksredirect.com/?cid=226556&source=api&url=https%3A%2F%2Fwww.lovetheatre.com
Pre-approved (open),40458,Lovebonito,lovebonito.com,7.88%,CPS,No,https://linksredirect.com/?cid=226556&source=api&url=https%3A%2F%2Fwww.lovebonito.com%2F
Pre-approved (open),21629,Loveisarose,loveisarose.com,7.5%,CPS,Yes,https://linksredirect.com/?cid=226556&source=api&url=https%3A%2F%2Fwww.loveisarose.com
Pre-approved (open),37677,Lowes AU,lowes.com.au,0.75%,CPS,Yes,https://linksredirect.com/?cid=226556&source=api&url=https%3A%2F%2Fwww.lowes.com.au%2F
Pre-approved (open),7561,Lucasgift,lucasgift.com,2.63%,CPS,Yes,https://linksredirect.com/?cid=226556&source=api&url=https%3A%2F%2Flucasgift.com%2F
Pre-approved (open),51410,lunzo PL,lunzo.pl,1.13%,CPS,Yes,https://linksredirect.com/?cid=226556&source=api&url=https%3A%2F%2Fwww.lunzo.pl
Pre-approved (open),56288,LuvLap,luvlap.com,6.75%,CPS,Yes,https://linksredirect.com/?cid=226556&source=api&url=https%3A%2F%2Fwww.luvlap.com%2F
Pre-approved (open),5076,LuvMe,luvmehair.com,3.56%,CPS,Yes,https://linksredirect.com/?cid=226556&source=api&url=https%3A%2F%2Fshop.luvmehair.com%2F
Pre-approved (open),7869,Lux sports,luxsports.co,7.13%,CPS,Yes,https://linksredirect.com/?cid=226556&source=api&url=https%3A%2F%2Fluxsports.co%2F
Pre-approved (open),6553,LuxeDecor,luxedecor.com,3.56%,CPS,Yes,https://linksredirect.com/?cid=226556&source=api&url=https%3A%2F%2Fwww.luxedecor.com%2F
Pre-approved (open),8186,Luxo Living,luxoliving.com.au,3.75%,CPS,Yes,https://linksredirect.com/?cid=226556&source=api&url=https%3A%2F%2Fwww.luxoliving.com.au%2F
Pre-approved (open),5200,Luxury Escapes US,luxuryescapes.com,3.98%,CPS,Yes,https://linksredirect.com/?cid=226556&source=api&url=https%3A%2F%2Fluxuryescapes.com
Pre-approved (open),51442,Lyca Mobile Ireland,lycamobile.ie,371.28 INR,CPS,Yes,https://linksredirect.com/?cid=226556&source=api&url=https%3A%2F%2Fwww.lycamobile.ie
Pre-approved (open),51443,Lycamobile IT,lycamobile.it,371.28 INR,CPS,Yes,https://linksredirect.com/?cid=226556&source=api&url=https%3A%2F%2Fwww.lycamobile.it%2Fit%2F
Pre-approved (open),8577,LycaMobile uk,lycamobile.co.uk,972.61 INR,CPS,Yes,https://linksredirect.com/?cid=226556&source=api&url=https%3A%2F%2Fwww.lycamobile.co.uk
Pre-approved (open),9523,LycaMobile USA,lycamobile.us,778.09 INR,CPS,Yes,https://linksredirect.com/?cid=226556&source=api&url=https%3A%2F%2Fwww.lycamobile.us%2Fen%2F
Pre-approved (open),25998,Macboost,macboost.net,36%,CPS,No,https://linksredirect.com/?cid=226556&source=api&url=https%3A%2F%2Fwww.macboost.net%2Fpurchase%2Fmacbooster4.php
Pre-approved (open),10011,Macrosoft,macrosoft.store,12.83%,CPS,Yes,https://linksredirect.com/?cid=226556&source=api&url=https%3A%2F%2Fmacrosoft.store%2F
Pre-approved (open),2394,Magzter,magzter.com,11.25%,CPS,Yes,https://linksredirect.com/?cid=226556&source=api&url=https%3A%2F%2Fwww.magzter.com%2F
Pre-approved (open),48424,MaheTri LLC,classyleatherbags.com,7.5%,CPS,Yes,https://linksredirect.com/?cid=226556&source=api&url=https%3A%2F%2Fclassyleatherbags.com%2F%3Futm_source%3Dclassy%26utm_medium%3Daffiliates%26utm_campaign%3Daffiliates
Pre-approved (open),56753,Mahina,mahina.co,11.25%,CPS,Yes,https://linksredirect.com/?cid=226556&source=api&url=https%3A%2F%2Fmahina.co%2F
Pre-approved (open),51486,Maison Victorio,maisonvictorio.com,3.75%,CPS,Yes,https://linksredirect.com/?cid=226556&source=api&url=https%3A%2F%2Fmaisonvictorio.com%2F
Pre-approved (open),7370,MAJOR FITNESS,major-lutie.com,2.14%,CPS,No,https://linksredirect.com/?cid=226556&source=api&url=https%3A%2F%2Fwww.major-lutie.com%2F
Pre-approved (open),44003,majorfitness,majorfitness.com,3.15%,CPS,Yes,https://linksredirect.com/?cid=226556&source=api&url=https%3A%2F%2Fwww.majorfitness.com%2F
Pre-approved (open),31118,Makemesurprise,makemesurprise.com,7.5%,CPS,Yes,https://linksredirect.com/?cid=226556&source=api&url=https%3A%2F%2Fwww.makemesurprise.com
Pre-approved (open),3801,MakeMyTrip (Hotels),makemytrip.com,112.5 INR,CPS,No,https://linksredirect.com/?cid=226556&source=api&url=https%3A%2F%2Fwww.makemytrip.com%2Fhotels
Pre-approved (open),3487,Malaysia Airlines,malaysiaairlines.com,1.42%,CPS,Yes,https://linksredirect.com/?cid=226556&source=api&url=https%3A%2F%2Fwww.malaysiaairlines.com%2F
Pre-approved (open),40172,Mama Bird,lovemamabird.com,5.25%,CPS,Yes,https://linksredirect.com/?cid=226556&source=api&url=https%3A%2F%2Fwww.lovemamabird.com%2F
Pre-approved (open),40342,Mandai Wildlife,mandai.com,3.75%,CPS,Yes,https://linksredirect.com/?cid=226556&source=api&url=https%3A%2F%2Fwww.mandai.com%2Fen.html
Pre-approved (open),54637,Manhattan Wardrobe Supply,wardrobesupplies.com,9%,CPS,Yes,https://linksredirect.com/?cid=226556&source=api&url=https%3A%2F%2Fwardrobesupplies.com
Pre-approved (open),5467,Manni (US),mannioil.com,7.5%,CPS,Yes,https://linksredirect.com/?cid=226556&source=api&url=https%3A%2F%2Fmannioil.com%2F
Pre-approved (open),14080,ManyChat,manychat.com,22.5%,CPS,No,https://linksredirect.com/?cid=226556&source=api&url=https%3A%2F%2Fget.manychat.com%2F
Pre-approved (open),29593,Marathonwatch,marathonwatch.com,1.5%,CPS,Yes,https://linksredirect.com/?cid=226556&source=api&url=https%3A%2F%2Fwww.marathonwatch.com%2F
Pre-approved (open),21299,Marcopolohotels,marcopolohotels.com,3.75%,CPS,Yes,https://linksredirect.com/?cid=226556&source=api&url=https%3A%2F%2Fwww.marcopolohotels.com%2Fen%2Fhome
Pre-approved (open),4094,Marks and Spencer,marksandspencer.in,15%,CPS,Yes,https://linksredirect.com/?cid=226556&source=api&url=https%3A%2F%2Fwww.marksandspencer.in%2F
Pre-approved (open),5218,Marley Spoon,marleyspoon.com,1856.42 INR,CPS,Yes,https://linksredirect.com/?cid=226556&source=api&url=https%3A%2F%2Fmarleyspoon.com%2F
Pre-approved (open),4445,Mars GHC - US,marsghc.com,7.5%,CPS,Yes,https://linksredirect.com/?cid=226556&source=api&url=https%3A%2F%2Fmarsghc.com%2F
Pre-approved (open),5570,Martinic Audio,martinic.com,22.5%,CPS,Yes,https://linksredirect.com/?cid=226556&source=api&url=https%3A%2F%2Fwww.martinic.com%2Fen%2Fproducts
Pre-approved (open),40345,MASAMI,lovemasami.com,15%,CPS,Yes,https://linksredirect.com/?cid=226556&source=api&url=https%3A%2F%2Fwww.lovemasami.com%2F
Pre-approved (open),15248,MASON New York Jewelry,masonnewyork.com,22.5%,CPS,Yes,https://linksredirect.com/?cid=226556&source=api&url=https%3A%2F%2Fmasonnewyork.com%2Fcollections%2Fbest-sellers
Pre-approved (open),5384,Matahari ID,matahari.com,4.2%,CPS,Yes,https://linksredirect.com/?cid=226556&source=api&url=https%3A%2F%2Fwww.matahari.com%2F
Pre-approved (open),37282,Match Stat,matchstat.com,15%,CPS,Yes,https://linksredirect.com/?cid=226556&source=api&url=https%3A%2F%2Fmatchstat.com%2F
Pre-approved (open),11660,Maxi-cosi,maxicosi.com,3.56%,CPS,Yes,https://linksredirect.com/?cid=226556&source=api&url=https%3A%2F%2Fmaxicosi.com%2F
Pre-approved (open),5266,Maxpeedingrods US,maxpeedingrods.com,6%,CPS,Yes,https://linksredirect.com/?cid=226556&source=api&url=https%3A%2F%2Fwww.maxpeedingrods.com%2F
Pre-approved (open),3286,McAfee,mcafee.com,648.41 INR,CPS,Yes,https://linksredirect.com/?cid=226556&source=api&url=https%3A%2F%2Fwww.mcafee.com%2F
Pre-approved (open),4399,MediBuddy,medibuddy.in,5.25%,CPS,Yes,https://linksredirect.com/?cid=226556&source=api&url=https%3A%2F%2Fwww.medibuddy.in%2F
Pre-approved (open),6359,MEL Science,melscience.com,2227.7 INR,CPS,Yes,https://linksredirect.com/?cid=226556&source=api&url=https%3A%2F%2Fmelscience.com%2FUS-en%2F
Pre-approved (open),9482,Melvita - HK,melvita.com,8.25%,CPS,Yes,https://linksredirect.com/?cid=226556&source=api&url=https%3A%2F%2Fhk.melvita.com%2F
Pre-approved (open),56498,Meow Mobile,meow-mobile.co,1621.01 INR,CPS,Yes,https://linksredirect.com/?cid=226556&source=api&url=https%3A%2F%2Fwww.meow-mobile.co%2F
Pre-approved (open),25456,Meowant,meowant.com,9%,CPS,Yes,https://linksredirect.com/?cid=226556&source=api&url=https%3A%2F%2Fwww.meowant.com
Pre-approved (open),18271,meowbox,meowbox.com,6%,CPS,Yes,https://linksredirect.com/?cid=226556&source=api&url=https%3A%2F%2Fmeowbox.com
Pre-approved (open),35104,Merachfit,merachfit.com,5.7%,CPS,Yes,https://linksredirect.com/?cid=226556&source=api&url=https%3A%2F%2Fmerachfit.com%2F
Pre-approved (open),8631,Merrell UK,merrell.com,2.49%,CPS,Yes,https://linksredirect.com/?cid=226556&source=api&url=https%3A%2F%2Fwww.merrell.com%2FUK%2Fen_GB%2Fhome
Pre-approved (open),27586,Meshy,meshy.ai,10.5%,CPS,Yes,https://linksredirect.com/?cid=226556&source=api&url=https%3A%2F%2Fwww.meshy.ai%2F
Pre-approved (open),8381,Mfimedical,mfimedical.com,1.42%,CPS,Yes,https://linksredirect.com/?cid=226556&source=api&url=https%3A%2F%2Fmfimedical.com%2F
Pre-approved (open),33893,MGA Shop,mgae.com,3.75%,CPS,Yes,https://linksredirect.com/?cid=226556&source=api&url=https%3A%2F%2Fshop.mgae.com%2F
Pre-approved (open),479,Milanoo ,milanoo.com,9%,CPS,Yes,https://linksredirect.com/?cid=226556&source=api&url=https%3A%2F%2Fwww.milanoo.com%2F
Pre-approved (open),78595,Milld,milld.com,82.5 INR,CPS,Yes,https://linksredirect.com/?cid=226556&source=api&url=https%3A%2F%2Fmilld.com%2F
Pre-approved (open),20991,Millenniumhotels,millenniumhotels.com,1.58%,CPS,Yes,https://linksredirect.com/?cid=226556&source=api&url=https%3A%2F%2Fwww.millenniumhotels.com%2F
Pre-approved (open),11176,Milton,milton.in,10.43%,CPS,No,https://linksredirect.com/?cid=226556&source=api&url=https%3A%2F%2Fwww.milton.in%2F
Pre-approved (open),7387,MindManager,mindmanager.com,7.5%,CPS,Yes,https://linksredirect.com/?cid=226556&source=api&url=https%3A%2F%2Fwww.mindmanager.com%2Fen
Pre-approved (open),12569,mindvalley,mindvalley.com,7.5%,CPS,Yes,https://linksredirect.com/?cid=226556&source=api&url=https%3A%2F%2Fwww.mindvalley.com
Pre-approved (open),55322,Mini Wesst,miniwesst.com,7.5%,CPS,Yes,https://linksredirect.com/?cid=226556&source=api&url=https%3A%2F%2Fminiwesst.com%2F
Pre-approved (open),4934,Minicoders,minicoders.com,2227.7 INR,CPS,Yes,https://linksredirect.com/?cid=226556&source=api&url=https%3A%2F%2Fwww.minicoders.com%2F
Pre-approved (open),8610,Minor Plus - TH,minorpluscard.com,2.63%,CPS,Yes,https://linksredirect.com/?cid=226556&source=api&url=https%3A%2F%2Fwww.minorpluscard.com%2F
Pre-approved (open),40529,minus30,minus30.co,11.25%,CPS,Yes,https://linksredirect.com/?cid=226556&source=api&url=https%3A%2F%2Fminus30.co%2F
Pre-approved (open),12223,Missacc,missacc.com,7.13%,CPS,Yes,https://linksredirect.com/?cid=226556&source=api&url=https%3A%2F%2Fwww.missacc.com%2F
Pre-approved (open),6335,Mister Aladin,misteraladin.com,1.31%,CPS,Yes,https://linksredirect.com/?cid=226556&source=api&url=https%3A%2F%2Fwww.misteraladin.com%2F
Pre-approved (open),3618,Mivi,mivi.in,5.25%,CPS,Yes,https://linksredirect.com/?cid=226556&source=api&url=https%3A%2F%2Fwww.mivi.in%2F
Pre-approved (open),9606,MMS,mms.com,3.68 INR,CPS,Yes,https://linksredirect.com/?cid=226556&source=api&url=https%3A%2F%2Fwww.mms.com%2Fde-de
Pre-approved (open),39438,Modelloturbo,modelloturbo.com,15%,CPS,Yes,https://linksredirect.com/?cid=226556&source=api&url=https%3A%2F%2Fmodelloturbo.com%2F
Pre-approved (open),51771,Modivo PL,modivo.pl,6.15%,CPS,Yes,https://linksredirect.com/?cid=226556&source=api&url=https%3A%2F%2Fmodivo.pl
Pre-approved (open),3256,Modlily,modlily.com,5.7%,CPS,Yes,https://linksredirect.com/?cid=226556&source=api&url=https%3A%2F%2Fwww.modlily.com
Pre-approved (open),2536,Moglix,moglix.com,4.5%,CPS,Yes,https://linksredirect.com/?cid=226556&source=api&url=https%3A%2F%2Fwww.moglix.com%2F
Pre-approved (open),9762,Momcozy,momcozy.com,3.75%,CPS,Yes,https://linksredirect.com/?cid=226556&source=api&url=https%3A%2F%2Fmomcozy.com%2F
Pre-approved (open),9979,Momox-shop,momox-shop.fr,5.25%,CPS,Yes,https://linksredirect.com/?cid=226556&source=api&url=https%3A%2F%2Fwww.momox-shop.fr
Pre-approved (open),5030,Momoxfashion,momoxfashion.com,4.2%,CPS,Yes,https://linksredirect.com/?cid=226556&source=api&url=https%3A%2F%2Fwww.momoxfashion.com%2Fde%2F
Pre-approved (open),56029,Moms Home,momshome.in,7.5%,CPS,Yes,https://linksredirect.com/?cid=226556&source=api&url=https%3A%2F%2Fwww.momshome.in%2F
Pre-approved (open),5574,Mondly by Pearson,mondly.com,27%,CPS,Yes,https://linksredirect.com/?cid=226556&source=api&url=https%3A%2F%2Fapp.mondly.com%2F
Pre-approved (open),5515,Moneyview CPFT,google.com,562.5 INR,CPI - Android,No,https://linksredirect.com/?cid=226556&source=api&url=https%3A%2F%2Fplay.google.com%2Fstore%2Fapps%2Fdetails%3Fid%3Dcom.whizdm.moneyview.loans
Pre-approved (open),6950,Mooncool,mooncool.com,3.75%,CPS,Yes,https://linksredirect.com/?cid=226556&source=api&url=https%3A%2F%2Fwww.mooncool.com
Pre-approved (open),78594,Moongreens,moongreens.com,11.25%,CPS,Yes,https://linksredirect.com/?cid=226556&source=api&url=https%3A%2F%2Fmoongreens.com%2F
Pre-approved (open),6206,Moosend,moosend.com,22.5%,CPS,Yes,https://linksredirect.com/?cid=226556&source=api&url=https%3A%2F%2Fmoosend.com%2F
Pre-approved (open),33972,Mooyius,mooyius.com,8.55%,CPS,Yes,https://linksredirect.com/?cid=226556&source=api&url=https%3A%2F%2Fmooyius.com%2F
Pre-approved (open),55587,Moretickets,moretickets.com,0.75%,CPS,Yes,https://linksredirect.com/?cid=226556&source=api&url=https%3A%2F%2Fwww.moretickets.com%2F
Pre-approved (open),6164,Morgan & French,morganandfrench.com,2.25%,CPS,Yes,https://linksredirect.com/?cid=226556&source=api&url=https%3A%2F%2Fmorganandfrench.com%2F
Pre-approved (open),37617,MotoGP Authentics US,motogpauthentics.com,2.25%,CPS,Yes,https://linksredirect.com/?cid=226556&source=api&url=https%3A%2F%2Fmotogpauthentics.com%2F
Pre-approved (open),13117,Mountain Warehouse,mountainwarehouse.com,1.5%,CPS,Yes,https://linksredirect.com/?cid=226556&source=api&url=https%3A%2F%2Fwww.mountainwarehouse.com%2F
Pre-approved (open),3567,Movavi,movavi.com,22.5%,CPS,Yes,https://linksredirect.com/?cid=226556&source=api&url=https%3A%2F%2Fwww.movavi.com%2F
Pre-approved (open),37464,Move Pre-Workout,movepreworkout.com,7.5%,CPS,Yes,https://linksredirect.com/?cid=226556&source=api&url=https%3A%2F%2Fmovepreworkout.com%2F
Pre-approved (open),7255,Mspy,mspy.net,1113.85 INR,CPS,Yes,https://linksredirect.com/?cid=226556&source=api&url=https%3A%2F%2Fmspy.net%2F
Pre-approved (open),7467,Muang Thai Life - TH,muangthai.co.th,5.25%,CPS,No,https://linksredirect.com/?cid=226556&source=api&url=https%3A%2F%2Fonline.muangthai.co.th%2Fth%2Finvolve-asia%2F
Pre-approved (open),16166,Muc-Off,muc-off.com,4.99%,CPS,Yes,https://linksredirect.com/?cid=226556&source=api&url=https%3A%2F%2Fmuc-off.com%2F
Pre-approved (open),35457,MuleRun,mulerun.com,35.63%,CPS,Yes,https://linksredirect.com/?cid=226556&source=api&url=https%3A%2F%2Fmulerun.com%2F
Pre-approved (open),12029,Murf AI,murf.ai,15%,CPS,Yes,https://linksredirect.com/?cid=226556&source=api&url=https%3A%2F%2Fmurf.ai%2F
Pre-approved (open),4424,Muscleblaze,muscleblaze.com,6%,CPS,Yes,https://linksredirect.com/?cid=226556&source=api&url=https%3A%2F%2Fwww.muscleblaze.com%2F
Pre-approved (open),5259,Muscletech,muscletech.in,4.88%,CPS,Yes,https://linksredirect.com/?cid=226556&source=api&url=https%3A%2F%2Fwww.muscletech.in%2F
Pre-approved (open),39832,Muselash,muselash.com,17.81%,CPS,No,https://linksredirect.com/?cid=226556&source=api&url=https%3A%2F%2Fmuselash.com%2F
Pre-approved (open),3808,Musicnotes.com,musicnotes.com,3.75%,CPS,Yes,https://linksredirect.com/?cid=226556&source=api&url=https%3A%2F%2Fwww.musicnotes.com
Pre-approved (open),11209,My Designation,mydesignation.com,9%,CPS,Yes,https://linksredirect.com/?cid=226556&source=api&url=https%3A%2F%2Fwww.mydesignation.com%2F
Pre-approved (open),7320,My Perfect Resume,myperfectresume.com,778.09 INR,CPS,No,https://linksredirect.com/?cid=226556&source=api&url=https%3A%2F%2Fwww.myperfectresume.com%2F
Pre-approved (open),5850,myBRA - CPS,my-bras.com,5.25%,CPS,Yes,https://linksredirect.com/?cid=226556&source=api&url=https%3A%2F%2Fwww.my-bras.com%2F
Pre-approved (open),51912,MYCHWAY,mychway.com,6%,CPS,Yes,https://linksredirect.com/?cid=226556&source=api&url=https%3A%2F%2Fus.mychway.com
Pre-approved (open),58270,Myclaw,myclaw.ai,15.75%,CPS,Yes,https://linksredirect.com/?cid=226556&source=api&url=https%3A%2F%2Fwww.myclaw.ai
Pre-approved (open),20849,Mycosiq,mycosiq.com,11.25%,CPS,Yes,https://linksredirect.com/?cid=226556&source=api&url=https%3A%2F%2Fwww.mycosiq.com
Pre-approved (open),12896,Myheritage,myheritage.com,6.3%,CPS,Yes,https://linksredirect.com/?cid=226556&source=api&url=https%3A%2F%2Fwww.myheritage.com
Pre-approved (open),5491,Mymuse,mymuse.in,11.25%,CPS,Yes,https://linksredirect.com/?cid=226556&source=api&url=https%3A%2F%2Fmymuse.in%2F
Pre-approved (open),51945,MyPoints,mypoints.com,84.29 INR,CPS,Yes,https://linksredirect.com/?cid=226556&source=api&url=https%3A%2F%2Fwww.mypoints.com%2F
Pre-approved (open),4702,Myprotein Hong Kong,myprotein.com.hk,6%,CPS,Yes,https://linksredirect.com/?cid=226556&source=api&url=https%3A%2F%2Fwww.myprotein.com.hk%2F
Pre-approved (open),4698,Myprotein Singapore,myprotein.com.sg,6%,CPS,Yes,https://linksredirect.com/?cid=226556&source=api&url=https%3A%2F%2Fwww.myprotein.com.sg%2F
Pre-approved (open),9902,Myrepublic,myrepublic.net,15.75 INR,CPS,Yes,https://linksredirect.com/?cid=226556&source=api&url=https%3A%2F%2Fmyrepublic.net%2Fsg%2F
Pre-approved (open),11184,Mysterium VPN,mysteriumvpn.com,30%,CPS,Yes,https://linksredirect.com/?cid=226556&source=api&url=https%3A%2F%2Fwww.mysteriumvpn.com%2Fmysteriumvpn-deal
Pre-approved (open),35644,Mystic Labs,mysticlabsd8.com,12%,CPS,No,https://linksredirect.com/?cid=226556&source=api&url=https%3A%2F%2Fmysticlabsd8.com%2F
Pre-approved (open),9548,MyTrainPal,mytrainpal.com,1.05%,CPS,Yes,https://linksredirect.com/?cid=226556&source=api&url=https%3A%2F%2Fwww.mytrainpal.com%2F
Pre-approved (open),56047,Namakwali,namakwali.com,6%,CPS,Yes,https://linksredirect.com/?cid=226556&source=api&url=https%3A%2F%2Fwww.namakwali.com%2F
Pre-approved (open),38171,Nambe,nambe.com,0.75%,CPS,Yes,https://linksredirect.com/?cid=226556&source=api&url=https%3A%2F%2Fwww.nambe.com%2F
Pre-approved (open),197,Namecheap - US,namecheap.com,0.15 INR,CPS,Yes,https://linksredirect.com/?cid=226556&source=api&url=https%3A%2F%2Fwww.namecheap.com%2F
Pre-approved (open),40777,Nasher Miles,nashermiles.com,9%,CPS,Yes,https://linksredirect.com/?cid=226556&source=api&url=https%3A%2F%2Fnashermiles.com%2F
Pre-approved (open),15727,Nativetowear,nativetowear.com,2.85%,CPS,Yes,https://linksredirect.com/?cid=226556&source=api&url=https%3A%2F%2Fwww.nativetowear.com%2F
Pre-approved (open),7866,Natural Cycles,naturalcycles.com,1231.97 INR,CPS,Yes,https://linksredirect.com/?cid=226556&source=api&url=https%3A%2F%2Fwww.naturalcycles.com%2F
Pre-approved (open),18390,Naturalizer,naturalizer.com,2.25%,CPS,Yes,https://linksredirect.com/?cid=226556&source=api&url=https%3A%2F%2Fwww.naturalizer.com%2F
Pre-approved (open),56499,Natureswayalive,natureswayalive.com,37.5%,CPS,Yes,https://linksredirect.com/?cid=226556&source=api&url=https%3A%2F%2Fwww.natureswayalive.com%2F
Pre-approved (open),52049,Navimow DE,navimow.com,3.75%,CPS,Yes,https://linksredirect.com/?cid=226556&source=api&url=https%3A%2F%2Fde.navimow.com%2F
Pre-approved (open),7030,Nazwa.PL,nazwa.pl,41.25%,CPS,Yes,https://linksredirect.com/?cid=226556&source=api&url=https%3A%2F%2Fwww.nazwa.pl%2F
Pre-approved (open),4107,Neemans,neemans.com,8.25%,CPS,Yes,https://linksredirect.com/?cid=226556&source=api&url=https%3A%2F%2Fneemans.com%2F
Pre-approved (open),37678,Neeshperfumes,neeshperfumes.com,18.75%,CPS,Yes,https://linksredirect.com/?cid=226556&source=api&url=https%3A%2F%2Fneeshperfumes.com%2F
Pre-approved (open),33975,Nekteck,nekteck.com,5.7%,CPS,Yes,https://linksredirect.com/?cid=226556&source=api&url=https%3A%2F%2Fnekteck.com%2F
Pre-approved (open),52068,Neon Champ (US),neonchamp.com,3%,CPS,Yes,https://linksredirect.com/?cid=226556&source=api&url=https%3A%2F%2Fwww.neonchamp.com%2F
Pre-approved (open),33106,Nerra,nerra.com,10.69%,CPS,Yes,https://linksredirect.com/?cid=226556&source=api&url=https%3A%2F%2Fnerra.com%2F
Pre-approved (open),55766,Netlify,netlify.com,15%,CPS,Yes,https://linksredirect.com/?cid=226556&source=api&url=https%3A%2F%2Fwww.netlify.com%2F
Pre-approved (open),5338,Network Solutions,networksolutions.com,71.25 INR,CPS,Yes,https://linksredirect.com/?cid=226556&source=api&url=https%3A%2F%2Fwww.networksolutions.com%2F
Pre-approved (open),4829,Neuherbs,neuherbs.com,12%,CPS,Yes,https://linksredirect.com/?cid=226556&source=api&url=https%3A%2F%2Fneuherbs.com%2F
Pre-approved (open),6368,New Balance - KSA,newbalance1.com.sa,7.5%,CPS,Yes,https://linksredirect.com/?cid=226556&source=api&url=https%3A%2F%2Fwww.newbalance1.com.sa%2Fen%2F
Pre-approved (open),35262,New Balance SG,newbalance.com.sg,5.25%,CPS,Yes,https://linksredirect.com/?cid=226556&source=api&url=https%3A%2F%2Fwww.newbalance.com.sg%2F
Pre-approved (open),2684,newegg,newegg.com,0.56%,CPS,Yes,https://linksredirect.com/?cid=226556&source=api&url=https%3A%2F%2Fwww.newegg.com
Pre-approved (open),4784,Nexo,nexo.com,0.12%,CPS,No,https://linksredirect.com/?cid=226556&source=api&url=https%3A%2F%2Fwelcome.nexo.com%2Fpartners
Pre-approved (open),16740,Nicejob,nicejob.com,2.25%,CPS,Yes,https://linksredirect.com/?cid=226556&source=api&url=https%3A%2F%2Fget.nicejob.com%2F
Pre-approved (open),57576,Nidhii Skincare,nidhiiskincare.com,11.25%,CPS,Yes,https://linksredirect.com/?cid=226556&source=api&url=https%3A%2F%2Fnidhiiskincare.com
Pre-approved (open),35550,Nielsen Streaming Panel,thestreamingpanel.com,352.5 INR,CPS,No,https://linksredirect.com/?cid=226556&source=api&url=https%3A%2F%2Fthestreamingpanel.com%2Fconsent
Pre-approved (open),1402,Nike Asia,nike.com,4.5%,CPS,Yes,https://linksredirect.com/?cid=226556&source=api&url=https%3A%2F%2Fwww.nike.com%2Fin%2F
Pre-approved (open),41205,Nike MX,nike.com,4.49%,CPS,Yes,https://linksredirect.com/?cid=226556&source=api&url=https%3A%2F%2Fnike.com%2Fmx%2F
Pre-approved (open),12231,Ninjakitchen Germany,ninjakitchen.de,3%,CPS,Yes,https://linksredirect.com/?cid=226556&source=api&url=https%3A%2F%2Fwww.ninjakitchen.de%2F
Pre-approved (open),45709,Ninjawifi,ninjawifi.com,5.25%,CPS,Yes,https://linksredirect.com/?cid=226556&source=api&url=https%3A%2F%2Fwww.ninjawifi.com%2F
Pre-approved (open),30319,Niphean,niphean.com,7.5%,CPS,Yes,https://linksredirect.com/?cid=226556&source=api&url=https%3A%2F%2Fniphean.com%2F
Pre-approved (open),14376,Niucoco,niucoco.com,7.5%,CPS,Yes,https://linksredirect.com/?cid=226556&source=api&url=https%3A%2F%2Fwww.niucoco.com
Pre-approved (open),35381,Niyo Global Card IOA - CPFT,apple.com,262.5 INR,CPI - IOS,No,https://linksredirect.com/?cid=226556&source=api&url=https%3A%2F%2Fapps.apple.com%2Fin%2Fapp%2Fniyo-global-cards-for-travel%2Fid1633946487
Pre-approved (open),5735,Nobis,nobis.com,3.75%,CPS,Yes,https://linksredirect.com/?cid=226556&source=api&url=https%3A%2F%2Finc.nobis.com%2F
Pre-approved (open),15149,Noble Panacea,noblepanacea.com,4.99%,CPS,Yes,https://linksredirect.com/?cid=226556&source=api&url=https%3A%2F%2Fwww.noblepanacea.com
Pre-approved (open),43706,Nomad eSIM,nomadesim.com,7.5%,CPS,Yes,https://linksredirect.com/?cid=226556&source=api&url=https%3A%2F%2Fwww.nomadesim.com%2Fshop
Pre-approved (open),4546,NoraCora,noracora.com,9%,CPS,No,https://linksredirect.com/?cid=226556&source=api&url=https%3A%2F%2Fnoracora.com%2F
Pre-approved (open),3963,Nordpass,nordpass.com,2250 INR,CPS,No,https://linksredirect.com/?cid=226556&source=api&url=https%3A%2F%2Fnordpass.com%2F
Pre-approved (open),3549,NordVPN,nordvpn.com,30%,CPS,No,https://linksredirect.com/?cid=226556&source=api&url=https%3A%2F%2Fnordvpn.com%2Fspecial%2F
Pre-approved (open),11077,Northsails UK,northsails.com,4.5%,CPS,No,https://linksredirect.com/?cid=226556&source=api&url=https%3A%2F%2Fwww.northsails.com%2F
Pre-approved (open),40440,NoScrubs,noscrubs.com,3079.92 INR,CPS,Yes,https://linksredirect.com/?cid=226556&source=api&url=https%3A%2F%2Fnoscrubs.com%2F
Pre-approved (open),56733,Notify Me,notify-me.io,648.41 INR,CPS,Yes,https://linksredirect.com/?cid=226556&source=api&url=https%3A%2F%2Fnotify-me.io%2F
Pre-approved (open),7117,Notta,notta.ai,22.5%,CPS,Yes,https://linksredirect.com/?cid=226556&source=api&url=https%3A%2F%2Fwww.notta.ai%2Fen
Pre-approved (open),9503,Nourish Mantra,nourishmantra.in,47.25%,CPS,Yes,https://linksredirect.com/?cid=226556&source=api&url=https%3A%2F%2Fnourishmantra.in%2F
Pre-approved (open),19981,Nova Kid School,novakidschool.com,5965.33 INR,CPS,Yes,https://linksredirect.com/?cid=226556&source=api&url=https%3A%2F%2Fwww.novakidschool.com
Pre-approved (open),6158,Novio Secured Credit card,credilio.in,1500 INR,CPL,No,https://linksredirect.com/?cid=226556&source=api&url=https%3A%2F%2Fcustomer.credilio.in%2Fv2%2Fsbm-credilio-rupay-credit-card-on-upi
Pre-approved (open),78221,Nson7,nson7.com,11.25%,CPS,Yes,https://linksredirect.com/?cid=226556&source=api&url=https%3A%2F%2Fwww.nson7.com
Pre-approved (open),34321,Nuage,nuagewears.com,10.69%,CPS,Yes,https://linksredirect.com/?cid=226556&source=api&url=https%3A%2F%2Fwww.nuagewears.com%2F
Pre-approved (open),4585,Nuawomen,nuawoman.com,15%,CPS,Yes,https://linksredirect.com/?cid=226556&source=api&url=https%3A%2F%2Fnuawoman.com%2F
Pre-approved (open),4728,Nunn Bush CPS,nunnbush.com,3%,CPS,No,https://linksredirect.com/?cid=226556&source=api&url=https%3A%2F%2Fwww.nunnbush.com%2Fshop%2Findex.html
Pre-approved (open),5597,Nutrabay,nutrabay.com,6.75%,CPS,Yes,https://linksredirect.com/?cid=226556&source=api&url=https%3A%2F%2Fnutrabay.com%2F
Pre-approved (open),75540,Nutriburst,nutriburstindia.com,22.5%,CPS,Yes,https://linksredirect.com/?cid=226556&source=api&url=https%3A%2F%2Fnutriburstindia.com%2F
Pre-approved (open),4292,Nutrimart ID,nutrimart.co.id,1.5%,CPS,Yes,https://linksredirect.com/?cid=226556&source=api&url=https%3A%2F%2Fnutrimart.co.id%2F
Pre-approved (open),75541,Nutslane,buynutslane.com,16.88%,CPS,Yes,https://linksredirect.com/?cid=226556&source=api&url=https%3A%2F%2Fbuynutslane.com%2F
Pre-approved (open),891,Nykaa Beauty,nykaa.com,4.2%,CPS,Yes,https://linksredirect.com/?cid=226556&source=api&url=https%3A%2F%2Fwww.nykaa.com
Pre-approved (open),3907,Nykaa Fashion,nykaafashion.com,4.2%,CPS,Yes,https://linksredirect.com/?cid=226556&source=api&url=https%3A%2F%2Fwww.nykaafashion.com%2F
Pre-approved (open),6471,Odinlake,odinlake.com,3.56%,CPS,Yes,https://linksredirect.com/?cid=226556&source=api&url=https%3A%2F%2Fwww.odinlake.com%2F
Pre-approved (open),4733,Oedro US,oedro.com,3.75%,CPS,Yes,https://linksredirect.com/?cid=226556&source=api&url=https%3A%2F%2Fwww.oedro.com%2F
Pre-approved (open),78288,OG Beauty,ogbeauty.in,9%,CPS,Yes,https://linksredirect.com/?cid=226556&source=api&url=https%3A%2F%2Fwww.ogbeauty.in%2F
Pre-approved (open),14183,OGL Move,oglmove.com,7.5%,CPS,Yes,https://linksredirect.com/?cid=226556&source=api&url=https%3A%2F%2Foglmove.com%2F
Pre-approved (open),52258,oksiwalux,oksiwa.com,6%,CPS,Yes,https://linksredirect.com/?cid=226556&source=api&url=https%3A%2F%2Foksiwa.com
Pre-approved (open),32065,Olightstore US,olight.com,7.5%,CPS,Yes,https://linksredirect.com/?cid=226556&source=api&url=https%3A%2F%2Fwww.olight.com%2F
Pre-approved (open),7874,Olio Pata,oliopata.it,9.75%,CPS,Yes,https://linksredirect.com/?cid=226556&source=api&url=https%3A%2F%2Foliopata.it%2F
Pre-approved (open),6340,Olive Young Global,oliveyoung.com,2.1%,CPS,Yes,https://linksredirect.com/?cid=226556&source=api&url=https%3A%2F%2Fglobal.oliveyoung.com%2F
Pre-approved (open),30032,Olivieri 1882,olivieri1882.com,3.75%,CPS,Yes,https://linksredirect.com/?cid=226556&source=api&url=https%3A%2F%2Fusa.olivieri1882.com%2F
Pre-approved (open),44276,OMA Food,omanaturalfood.com,10.69%,CPS,Yes,https://linksredirect.com/?cid=226556&source=api&url=https%3A%2F%2Fomanaturalfood.com%2F
Pre-approved (open),27845,omanair,omanair.com,0.79%,CPS,No,https://linksredirect.com/?cid=226556&source=api&url=https%3A%2F%2Fwww.omanair.com
Pre-approved (open),17986,Omnisend,omnisend.com,3.56%,CPS,Yes,https://linksredirect.com/?cid=226556&source=api&url=https%3A%2F%2Fwww.omnisend.com%2F
Pre-approved (open),56675,One India Mall,oneindiamall.com,11.25%,CPS,Yes,https://linksredirect.com/?cid=226556&source=api&url=https%3A%2F%2Foneindiamall.com
Pre-approved (open),6097,Online Check Writer - US,onlinecheckwriter.com,7.5%,CPS,Yes,https://linksredirect.com/?cid=226556&source=api&url=https%3A%2F%2Fonlinecheckwriter.com%2F
Pre-approved (open),55426,OnSpace AI,onspace.ai,15%,CPS,Yes,https://linksredirect.com/?cid=226556&source=api&url=https%3A%2F%2Fwww.onspace.ai%2F
Pre-approved (open),11149,onthatass,onthatass.com,3.75%,CPS,No,https://linksredirect.com/?cid=226556&source=api&url=https%3A%2F%2Fwww.onthatass.com
Pre-approved (open),7152,Open Goaaal,opengoaaalusa.com,3.56%,CPS,Yes,https://linksredirect.com/?cid=226556&source=api&url=https%3A%2F%2Fopengoaaalusa.com%2F
Pre-approved (open),33946,OpenArt Ai,openart.ai,10.5%,CPS,Yes,https://linksredirect.com/?cid=226556&source=api&url=https%3A%2F%2Fopenart.ai%2F
Pre-approved (open),57698,Oppo ID,oppo.com,2.63%,CPS,Yes,https://linksredirect.com/?cid=226556&source=api&url=https%3A%2F%2Fwww.oppo.com%2Fid%2Fstore
Pre-approved (open),4386,Oppo India,oppo.com,2.14%,CPS,Yes,https://linksredirect.com/?cid=226556&source=api&url=https%3A%2F%2Fwww.oppo.com%2Fin%2Fstore
Pre-approved (open),57697,Oppo MY,oppo.com,7.88%,CPS,Yes,https://linksredirect.com/?cid=226556&source=api&url=https%3A%2F%2Fwww.oppo.com%2Fmy%2F
Pre-approved (open),56664,Oppo TH,oppo.com,3.75%,CPS,Yes,https://linksredirect.com/?cid=226556&source=api&url=https%3A%2F%2Fwww.oppo.com%2Fth%2Fstore
Pre-approved (open),80706,Oppo UK,oppo.com,1.05%,CPS,Yes,https://linksredirect.com/?cid=226556&source=api&url=https%3A%2F%2Fwww.oppo.com%2Fuk
Pre-approved (open),29886,Optery,optery.com,7.5%,CPS,Yes,https://linksredirect.com/?cid=226556&source=api&url=https%3A%2F%2Fwww.optery.com
Pre-approved (open),36264,Organic Mandya,organicmandya.com,6.75%,CPS,Yes,https://linksredirect.com/?cid=226556&source=api&url=https%3A%2F%2Forganicmandya.com%2F
Pre-approved (open),8572,Oroa,oroa.com,6%,CPS,Yes,https://linksredirect.com/?cid=226556&source=api&url=https%3A%2F%2Foroa.com%2F
Pre-approved (open),18569,Orolay,orolay.com,9%,CPS,Yes,https://linksredirect.com/?cid=226556&source=api&url=https%3A%2F%2Forolay.com
Pre-approved (open),5079,Oroton,oroton.com,5.25%,CPS,Yes,https://linksredirect.com/?cid=226556&source=api&url=https%3A%2F%2Foroton.com%2F
Pre-approved (open),4772,Ostrichpillow,ostrichpillow.com,7.5%,CPS,Yes,https://linksredirect.com/?cid=226556&source=api&url=https%3A%2F%2Fostrichpillow.com%2F
Pre-approved (open),79313,Otea Textiles,oteatextiles.com,7.5%,CPS,Yes,https://linksredirect.com/?cid=226556&source=api&url=https%3A%2F%2Foteatextiles.com%2F
Pre-approved (open),25652,Otra Eyewear,otraeyewear.com,11.25%,CPS,Yes,https://linksredirect.com/?cid=226556&source=api&url=https%3A%2F%2Fwww.otraeyewear.com
Pre-approved (open),18489,ottocast,ottocast.com,6%,CPS,Yes,https://linksredirect.com/?cid=226556&source=api&url=https%3A%2F%2Fwww.ottocast.com
Pre-approved (open),8249,Ouidad,ouidad.com,3%,CPS,Yes,https://linksredirect.com/?cid=226556&source=api&url=https%3A%2F%2Fwww.ouidad.com%2F
Pre-approved (open),40237,Our Basket,ourbasket.com,7.5%,CPS,Yes,https://linksredirect.com/?cid=226556&source=api&url=https%3A%2F%2Fourbasket.com%2F
Pre-approved (open),52392,Ouros Jewels,ourosjewels.com,3.75%,CPS,Yes,https://linksredirect.com/?cid=226556&source=api&url=https%3A%2F%2Fwww.ourosjewels.com%2F
Pre-approved (open),29487,Ourritual,ourritual.com,106.88 INR,CPS,Yes,https://linksredirect.com/?cid=226556&source=api&url=https%3A%2F%2Fwww.ourritual.com%2F
Pre-approved (open),57918,Outcast,outcasts.in,22.5%,CPS,No,https://linksredirect.com/?cid=226556&source=api&url=https%3A%2F%2Foutcasts.in%2F
Pre-approved (open),35751,Outfitrer,outfitrer.com,8.55%,CPS,Yes,https://linksredirect.com/?cid=226556&source=api&url=https%3A%2F%2Foutfitrer.com%2F
Pre-approved (open),52410,owleys,owleys.com,14.25%,CPS,Yes,https://linksredirect.com/?cid=226556&source=api&url=https%3A%2F%2Fowleys.com
Pre-approved (open),5040,Oxygen Clothing,oxygenclothing.co.uk,3.75%,CPS,Yes,https://linksredirect.com/?cid=226556&source=api&url=https%3A%2F%2Fwww.oxygenclothing.co.uk%2F
Pre-approved (open),7366,Oyela,oyela.in,12%,CPS,Yes,https://linksredirect.com/?cid=226556&source=api&url=https%3A%2F%2Foyela.in%2F
Pre-approved (open),29320,Pacdora,pacdora.com,21.38%,CPS,Yes,https://linksredirect.com/?cid=226556&source=api&url=https%3A%2F%2Fwww.pacdora.com%2F
Pre-approved (open),5270,Padel Market,padelmarket.com,3.75%,CPS,Yes,https://linksredirect.com/?cid=226556&source=api&url=https%3A%2F%2Fpadelmarket.com%2Fen%2F
Pre-approved (open),11155,Palmonas,palmonas.com,7.88%,CPS,Yes,https://linksredirect.com/?cid=226556&source=api&url=https%3A%2F%2Fwww.palmonas.com%2F
Pre-approved (open),6494,PANDA GOGO LIMITED,carluex.store,7.5%,CPS,Yes,https://linksredirect.com/?cid=226556&source=api&url=https%3A%2F%2Fwww.carluex.store%2F
Pre-approved (open),28054,Pandadoc,pandadoc.com,18.75%,CPS,Yes,https://linksredirect.com/?cid=226556&source=api&url=https%3A%2F%2Fwww.pandadoc.com
Pre-approved (open),80625,Pandas Box,pandasbox.in,5.25%,CPS,Yes,https://linksredirect.com/?cid=226556&source=api&url=https%3A%2F%2Fpandasbox.in%2Fcollections%2Fall
Pre-approved (open),57471,PANKH,pankh.com,7.5%,CPS,Yes,https://linksredirect.com/?cid=226556&source=api&url=https%3A%2F%2Fpankh.com%2F
Pre-approved (open),4635,Parallels,parallels.com,11.25%,CPS,Yes,https://linksredirect.com/?cid=226556&source=api&url=https%3A%2F%2Fwww.parallels.com%2F
Pre-approved (open),4930,paramountplus,paramountplus.com,408.5 INR,CPS,No,https://linksredirect.com/?cid=226556&source=api&url=https%3A%2F%2Fwww.paramountplus.com
Pre-approved (open),33116,Pard,pard.com,6.75%,CPS,Yes,https://linksredirect.com/?cid=226556&source=api&url=https%3A%2F%2Fpard.com%2Fglobal
Pre-approved (open),5669,Paris Rhone,parisrhone.com,5.7%,CPS,Yes,https://linksredirect.com/?cid=226556&source=api&url=https%3A%2F%2Fparisrhone.com%2F
Pre-approved (open),4325,Parknshop,pns.hk,3%,CPS,Yes,https://linksredirect.com/?cid=226556&source=api&url=https%3A%2F%2Fwww.pns.hk%2Fzh-hk%2F
Pre-approved (open),6231,Particula-Tech - US,particula-tech.com,11.25%,CPS,Yes,https://linksredirect.com/?cid=226556&source=api&url=https%3A%2F%2Fparticula-tech.com%2F
Pre-approved (open),5454,PassFab,passfab.com,35.63%,CPS,Yes,https://linksredirect.com/?cid=226556&source=api&url=https%3A%2F%2Fwww.passfab.com%2F
Pre-approved (open),35334,Patisserie Valerie,patisserie-valerie.co.uk,2.25%,CPS,Yes,https://linksredirect.com/?cid=226556&source=api&url=https%3A%2F%2Fpatisserie-valerie.co.uk%2F
Pre-approved (open),4758,Pavers IE,pavers.ie,5.25%,CPS,Yes,https://linksredirect.com/?cid=226556&source=api&url=https%3A%2F%2Fpavers.ie%2F
Pre-approved (open),5004,Payme CPA,google.com,172.5 INR,CPI - Android,No,https://linksredirect.com/?cid=226556&source=api&url=https%3A%2F%2Fplay.google.com%2Fstore%2Fapps%2Fdetails%3Fid%3Dio.attabot.app.paymeindia
Pre-approved (open),58003,Paytm Secure UPI Payments,google.com,15 INR,CPI - Android,No,https://linksredirect.com/?cid=226556&source=api&url=https%3A%2F%2Fplay.google.com%2Fstore%2Fapps%2Fdetails%3Fid%3Dnet.one97.paytm
Pre-approved (open),7252,PDF Filler,pdffiller.com,2227.7 INR,CPS,No,https://linksredirect.com/?cid=226556&source=api&url=https%3A%2F%2Fwww.pdffiller.com%2F
Pre-approved (open),6008,Pelago,pelago.com,4.8%,CPS,Yes,https://linksredirect.com/?cid=226556&source=api&url=https%3A%2F%2Fwww.pelago.com%2F
Pre-approved (open),11112,Penchant for Pleasure,penchantforpleasure.com,7.13%,CPS,Yes,https://linksredirect.com/?cid=226556&source=api&url=https%3A%2F%2Fpenchantforpleasure.com%2F
Pre-approved (open),20389,Peoplefinders,peoplefinders.com,2833.53 INR,CPS,No,https://linksredirect.com/?cid=226556&source=api&url=https%3A%2F%2Fwww.peoplefinders.com%2F
Pre-approved (open),6205,Pepe Jeans,pepejeans.in,9%,CPS,Yes,https://linksredirect.com/?cid=226556&source=api&url=https%3A%2F%2Fwww.pepejeans.in%2F
Pre-approved (open),107,Pepperfry,pepperfry.com,262.5 INR,CPS,Yes,https://linksredirect.com/?cid=226556&source=api&url=https%3A%2F%2Fwww.pepperfry.com%2F
Pre-approved (open),24631,Pepperstone,pepperstone.com,7425.67 INR,CPS,Yes,https://linksredirect.com/?cid=226556&source=api&url=https%3A%2F%2Fpepperstone.com%2Fen%2F
Pre-approved (open),5114,Perfora,perforacare.com,11.48%,CPS,No,https://linksredirect.com/?cid=226556&source=api&url=https%3A%2F%2Fperforacare.com%2F
Pre-approved (open),13735,PersonalHour,personalhour.com,3.75%,CPS,Yes,https://linksredirect.com/?cid=226556&source=api&url=https%3A%2F%2Fpersonalhour.com
Pre-approved (open),80103,Petalpastee,petalpastee.com,18.75%,CPS,Yes,https://linksredirect.com/?cid=226556&source=api&url=https%3A%2F%2Fpetalpastee.com%2F
Pre-approved (open),7823,Peter Thomas Roth Labs,peterthomasroth.com,4.5%,CPS,Yes,https://linksredirect.com/?cid=226556&source=api&url=https%3A%2F%2Fwww.peterthomasroth.com%2F
Pre-approved (open),8627,PETLIBRO,petlibro.com,6%,CPS,Yes,https://linksredirect.com/?cid=226556&source=api&url=https%3A%2F%2Fpetlibro.com%2F
Pre-approved (open),52578,Petpivot US,petpivot.com,7.5%,CPS,Yes,https://linksredirect.com/?cid=226556&source=api&url=https%3A%2F%2Fwww.petpivot.com
Pre-approved (open),6690,Pgatoursuperstore,pgatoursuperstore.com,3.47%,CPS,Yes,https://linksredirect.com/?cid=226556&source=api&url=https%3A%2F%2Fwww.pgatoursuperstore.com
Pre-approved (open),36664,Phantom Pickleball,phantompickleball.com,6%,CPS,Yes,https://linksredirect.com/?cid=226556&source=api&url=https%3A%2F%2Fwww.phantompickleball.com%2F
Pre-approved (open),1538,Philips DE,philips.de,2.63%,CPS,Yes,https://linksredirect.com/?cid=226556&source=api&url=https%3A%2F%2Fwww.philips.de
Pre-approved (open),27813,Phomemo,phomemo.com,3.75%,CPS,Yes,https://linksredirect.com/?cid=226556&source=api&url=https%3A%2F%2Fwww.phomemo.com
Pre-approved (open),6190,Photobook - HK,photobookhongkong.com,11.25%,CPS,Yes,https://linksredirect.com/?cid=226556&source=api&url=https%3A%2F%2Fwww.photobookhongkong.com%2F
Pre-approved (open),3944,Photobook - IN,photobookindia.com,11.25%,CPS,Yes,https://linksredirect.com/?cid=226556&source=api&url=https%3A%2F%2Fwww.photobookindia.com%2F
Pre-approved (open),5357,Photobook MY,photobook.com.my,9%,CPS,Yes,https://linksredirect.com/?cid=226556&source=api&url=https%3A%2F%2Fwww.photobook.com.my%2F
Pre-approved (open),5358,Photobook PH,photobook.com.ph,9%,CPS,Yes,https://linksredirect.com/?cid=226556&source=api&url=https%3A%2F%2Fwww.photobook.com.ph%2F
Pre-approved (open),5359,Photobook TH,photobookthailand.com,9%,CPS,Yes,https://linksredirect.com/?cid=226556&source=api&url=https%3A%2F%2Fwww.photobookthailand.com%2F
Pre-approved (open),37540,Phrozen3d,phrozen3d.com,3.75%,CPS,Yes,https://linksredirect.com/?cid=226556&source=api&url=https%3A%2F%2Fus.phrozen3d.com%2F
Pre-approved (open),30376,Picwish,picwish.com,5.7%,CPS,Yes,https://linksredirect.com/?cid=226556&source=api&url=https%3A%2F%2Fpicwish.com%2F
Pre-approved (open),32850,Pigment,pigment.is,22.5%,CPS,Yes,https://linksredirect.com/?cid=226556&source=api&url=https%3A%2F%2Fpigment.is%2F
Pre-approved (open),35759,Pilatesflo,pilatesflo.com,2.63%,CPS,Yes,https://linksredirect.com/?cid=226556&source=api&url=https%3A%2F%2Fpilatesflo.com%2F
Pre-approved (open),7056,Pinko,pinko.com,4.5%,CPS,Yes,https://linksredirect.com/?cid=226556&source=api&url=https%3A%2F%2Fwww.pinko.com
Pre-approved (open),12165,PipelinePRO,getpipelinepro.net,22.5%,CPS,Yes,https://linksredirect.com/?cid=226556&source=api&url=https%3A%2F%2Fgetpipelinepro.net%2F
Pre-approved (open),20193,Pixlr,pixlr.com,18.75%,CPS,Yes,https://linksredirect.com/?cid=226556&source=api&url=https%3A%2F%2Fwww.pixlr.com
Pre-approved (open),57558,PixVerse,pixverse.ai,22.5%,CPS,Yes,https://linksredirect.com/?cid=226556&source=api&url=https%3A%2F%2Fpixverse.ai%2Fen
Pre-approved (open),4596,Pizzahut - MY,pizzahut.com.my,2.63%,CPS,Yes,https://linksredirect.com/?cid=226556&source=api&url=https%3A%2F%2Fwww.pizzahut.com.my%2F
Pre-approved (open),7884,Pizzahut - PH,pizzahut.com.ph,2.63%,CPS,Yes,https://linksredirect.com/?cid=226556&source=api&url=https%3A%2F%2Fwww.pizzahut.com.ph%2F
Pre-approved (open),8389,Planner5d,planner5d.com,12%,CPS,Yes,https://linksredirect.com/?cid=226556&source=api&url=https%3A%2F%2Fwww.planner5d.com
Pre-approved (open),80141,Plansom,plansom.com,15%,CPS,Yes,https://linksredirect.com/?cid=226556&source=api&url=https%3A%2F%2Fwww.plansom.com%2F
Pre-approved (open),27248,Plaud.ai,plaud.ai,2.63%,CPS,Yes,https://linksredirect.com/?cid=226556&source=api&url=https%3A%2F%2Fin.plaud.ai%2F
Pre-approved (open),8586,PLAYALUXE,playaluxe.com,15%,CPS,Yes,https://linksredirect.com/?cid=226556&source=api&url=https%3A%2F%2Fplayaluxe.com%2F
Pre-approved (open),4607,Plesk,plesk.com,7.5%,CPS,Yes,https://linksredirect.com/?cid=226556&source=api&url=https%3A%2F%2Fwww.plesk.com%2F
Pre-approved (open),4098,Plum Goodness,plumgoodness.com,15%,CPS,Yes,https://linksredirect.com/?cid=226556&source=api&url=https%3A%2F%2Fplumgoodness.com%2F
Pre-approved (open),5050,Plush,plushforher.com,5.25%,CPS,Yes,https://linksredirect.com/?cid=226556&source=api&url=https%3A%2F%2Fwww.plushforher.com%2F
Pre-approved (open),9588,PMI Iqos,iqos.com,15.58%,CPS,No,https://linksredirect.com/?cid=226556&source=api&url=https%3A%2F%2Fit.iqos.com%2Fit
Pre-approved (open),13009,Pond5,pond5.com,3.15%,CPS,Yes,https://linksredirect.com/?cid=226556&source=api&url=https%3A%2F%2Fwww.pond5.com
Pre-approved (open),5371,Poney MY,poney.com.my,2.63%,CPS,Yes,https://linksredirect.com/?cid=226556&source=api&url=https%3A%2F%2Fponey.com.my%2F
Pre-approved (open),33138,Popai,popai.pro,26.25%,CPS,Yes,https://linksredirect.com/?cid=226556&source=api&url=https%3A%2F%2Fwww.popai.pro%2F
Pre-approved (open),5376,Popilush,popilush.com,4.27%,CPS,Yes,https://linksredirect.com/?cid=226556&source=api&url=https%3A%2F%2Fwww.popilush.com%2F
Pre-approved (open),39999,Popl.co,popl.co,10.5%,CPS,Yes,https://linksredirect.com/?cid=226556&source=api&url=https%3A%2F%2Fpopl.co
Pre-approved (open),9506,Poplook,poplook.com,2.1%,CPS,Yes,https://linksredirect.com/?cid=226556&source=api&url=https%3A%2F%2Fpoplook.com%2F
Pre-approved (open),38037,Portmeirion,portmeirion.com,3.75%,CPS,Yes,https://linksredirect.com/?cid=226556&source=api&url=https%3A%2F%2Fwww.portmeirion.com%2F
Pre-approved (open),52733,Poster Master US,postermasterstudio.com,3.75%,CPS,Yes,https://linksredirect.com/?cid=226556&source=api&url=https%3A%2F%2Fpostermasterstudio.com%2F
Pre-approved (open),27630,Postpartum Panty Party,postpartumpantyparty.com,9.98%,CPS,Yes,https://linksredirect.com/?cid=226556&source=api&url=https%3A%2F%2Fpostpartumpantyparty.com%2F
Pre-approved (open),4994,Powerstep,powerstep.com,3.75%,CPS,Yes,https://linksredirect.com/?cid=226556&source=api&url=https%3A%2F%2Fpowerstep.com%2F
Pre-approved (open),57917,Preethi,preethi.in,3.38%,CPS,Yes,https://linksredirect.com/?cid=226556&source=api&url=https%3A%2F%2Fwww.shop.preethi.in%2F
Pre-approved (open),7305,Premium Bandai,p-bandai.com,0.75%,CPS,Yes,https://linksredirect.com/?cid=226556&source=api&url=https%3A%2F%2Fp-bandai.com%2Fus
Pre-approved (open),19006,Preply,preply.com,49.88%,CPS,Yes,https://linksredirect.com/?cid=226556&source=api&url=https%3A%2F%2Fpreply.com%2F
Pre-approved (open),3976,Priceline,priceline.com,3.15%,CPS,Yes,https://linksredirect.com/?cid=226556&source=api&url=https%3A%2F%2Fwww.priceline.com%2F
Pre-approved (open),36666,Primeriti,primeriti.es,2.74%,CPS,Yes,https://linksredirect.com/?cid=226556&source=api&url=https%3A%2F%2Fwww.primeriti.es
Pre-approved (open),37463,PrimoLearn,primolearn.com,22.5%,CPS,Yes,https://linksredirect.com/?cid=226556&source=api&url=https%3A%2F%2Fprimolearn.com%2F
Pre-approved (open),21355,Printify,printify.com,2.25%,CPS,Yes,https://linksredirect.com/?cid=226556&source=api&url=https%3A%2F%2Fprintify.com%2F
Pre-approved (open),17997,Project Casting,projectcasting.com,15%,CPS,Yes,https://linksredirect.com/?cid=226556&source=api&url=https%3A%2F%2Fwww.projectcasting.com
Pre-approved (open),9193,Prolonlife,prolonlife.com,680.83 INR,CPS,Yes,https://linksredirect.com/?cid=226556&source=api&url=https%3A%2F%2Fprolonlife.com%2F
Pre-approved (open),27899,Promeed,promeed.com,9%,CPS,Yes,https://linksredirect.com/?cid=226556&source=api&url=https%3A%2F%2Fwww.promeed.com%2F
Pre-approved (open),78504,Protoarc,protoarc.com,8.25%,CPS,Yes,https://linksredirect.com/?cid=226556&source=api&url=https%3A%2F%2Fwww.protoarc.com
Pre-approved (open),6208,Protouch,protouchskin.com,11.25%,CPS,Yes,https://linksredirect.com/?cid=226556&source=api&url=https%3A%2F%2Fprotouchskin.com%2F
Pre-approved (open),58002,Psowo PL,psowo.pl,8.25%,CPS,Yes,https://linksredirect.com/?cid=226556&source=api&url=https%3A%2F%2Fpsowo.pl
Pre-approved (open),40368,Public Goods,publicgoods.com,3.56%,CPS,Yes,https://linksredirect.com/?cid=226556&source=api&url=https%3A%2F%2Fwww.publicgoods.com%2F
Pre-approved (open),27564,Pulsetto,pulsetto.tech,3.38%,CPS,Yes,https://linksredirect.com/?cid=226556&source=api&url=https%3A%2F%2Fpulsetto.tech%2F
Pre-approved (open),5425,Puma (PH),puma.com,6.75%,CPS,Yes,https://linksredirect.com/?cid=226556&source=api&url=https%3A%2F%2Fph.puma.com%2F
Pre-approved (open),5207,Puma (SG),puma.com,6.75%,CPS,Yes,https://linksredirect.com/?cid=226556&source=api&url=https%3A%2F%2Fsg.puma.com%2F
Pre-approved (open),5656,Puma - ID,puma.com,6.75%,CPS,Yes,https://linksredirect.com/?cid=226556&source=api&url=https%3A%2F%2Fid.puma.com%2F
Pre-approved (open),5208,Puma - MY,puma.com,6.75%,CPS,Yes,https://linksredirect.com/?cid=226556&source=api&url=https%3A%2F%2Fmy.puma.com%2F
Pre-approved (open),6154,Puma - TH,puma.com,6.75%,CPS,Yes,https://linksredirect.com/?cid=226556&source=api&url=https%3A%2F%2Fth.puma.com%2F
Pre-approved (open),7867,Pure Scentum,purescentum.com,7.13%,CPS,Yes,https://linksredirect.com/?cid=226556&source=api&url=https%3A%2F%2Fwww.purescentum.com%2F
Pre-approved (open),36500,Purenutrition,purenutrition.in,16.13%,CPS,Yes,https://linksredirect.com/?cid=226556&source=api&url=https%3A%2F%2Fpurenutrition.in%2F
Pre-approved (open),3075,PureVPN,purevpn.com,18.75%,CPS,Yes,https://linksredirect.com/?cid=226556&source=api&url=https%3A%2F%2Fwww.purevpn.com%2F
Pre-approved (open),5608,Purple Leaf,purpleleafshop.com,4.99%,CPS,Yes,https://linksredirect.com/?cid=226556&source=api&url=https%3A%2F%2Fpurpleleafshop.com%2F
Pre-approved (open),22107,Purr and Mutt Limited,purrandmutt.com,11.25%,CPS,Yes,https://linksredirect.com/?cid=226556&source=api&url=https%3A%2F%2Fpurrandmutt.com
Pre-approved (open),41303,Purty Body,purtybody.com,6%,CPS,Yes,https://linksredirect.com/?cid=226556&source=api&url=https%3A%2F%2Fpurtybody.com%2F
Pre-approved (open),19152,Puzzle Master,puzzlemaster.ca,5.25%,CPS,Yes,https://linksredirect.com/?cid=226556&source=api&url=https%3A%2F%2Fwww.puzzlemaster.ca%2F
Pre-approved (open),6009,PYPROXY,pyproxy.com,7.13%,CPS,Yes,https://linksredirect.com/?cid=226556&source=api&url=https%3A%2F%2Fwww.pyproxy.com%2F
Pre-approved (open),52886,Pyramid Pillow USA,pyramidpillow.com,3.75%,CPS,Yes,https://linksredirect.com/?cid=226556&source=api&url=https%3A%2F%2Fpyramidpillow.com%2F
Pre-approved (open),35726,Qlifebike,qlifebike.com,3.56%,CPS,Yes,https://linksredirect.com/?cid=226556&source=api&url=https%3A%2F%2Fwww.qlifebike.com%2F
Pre-approved (open),40508,Quench,quenchbotanics.com,18.75%,CPS,Yes,https://linksredirect.com/?cid=226556&source=api&url=https%3A%2F%2Fwww.quenchbotanics.com%2F
Pre-approved (open),4771,Quicklly,quicklly.com,7.5%,CPS,Yes,https://linksredirect.com/?cid=226556&source=api&url=https%3A%2F%2Fwww.quicklly.com
Pre-approved (open),76367,QuickSigner,quicksigner.com,22.5%,CPS,Yes,https://linksredirect.com/?cid=226556&source=api&url=https%3A%2F%2Fwww.quicksigner.com%2F
Pre-approved (open),56127,QuickTeam,omyguard.com,7.5%,CPS,Yes,https://linksredirect.com/?cid=226556&source=api&url=https%3A%2F%2Fomyguard.com
Pre-approved (open),4500,Quictent,quictents.com,2.25%,CPS,Yes,https://linksredirect.com/?cid=226556&source=api&url=https%3A%2F%2Fwww.quictents.com%2F
Pre-approved (open),27249,Quik Commerce Inc,peta2z.com,7.5%,CPS,Yes,https://linksredirect.com/?cid=226556&source=api&url=https%3A%2F%2Fpeta2z.com%2F
Pre-approved (open),7008,Quillbot,quillbot.com,15%,CPS,Yes,https://linksredirect.com/?cid=226556&source=api&url=https%3A%2F%2Fquillbot.com%2F
Pre-approved (open),3872,Qustodio,qustodio.com,3.56%,CPS,Yes,https://linksredirect.com/?cid=226556&source=api&url=https%3A%2F%2Fwww.qustodio.com%2Fen%2Fpremium%2F
Pre-approved (open),4726,R for Rabbit,rforrabbit.com,7.5%,CPS,Yes,https://linksredirect.com/?cid=226556&source=api&url=https%3A%2F%2Frforrabbit.com%2F
Pre-approved (open),35420,Rabitat,rabitat.com,10.13%,CPS,Yes,https://linksredirect.com/?cid=226556&source=api&url=https%3A%2F%2Fwww.rabitat.com%2F
Pre-approved (open),4713,Rachael ray,rachaelray.com,2.85%,CPS,Yes,https://linksredirect.com/?cid=226556&source=api&url=https%3A%2F%2Frachaelray.com%2F
Pre-approved (open),52929,Radia Smart,radiasmart.com,4.5%,CPS,Yes,https://linksredirect.com/?cid=226556&source=api&url=https%3A%2F%2Fradiasmart.com
Pre-approved (open),34112,Rankprompt,rankprompt.com,7.5%,CPS,Yes,https://linksredirect.com/?cid=226556&source=api&url=https%3A%2F%2Fwww.rankprompt.com
Pre-approved (open),80102,Rareism,rareism.com,3.75%,CPS,Yes,https://linksredirect.com/?cid=226556&source=api&url=https%3A%2F%2Frareism.com%2F
Pre-approved (open),5868,Ravpower,ravpower.com,5.7%,CPS,Yes,https://linksredirect.com/?cid=226556&source=api&url=https%3A%2F%2Fwww.ravpower.com%2F
Pre-approved (open),28130,Rayneo,rayneo.com,5.25%,CPS,Yes,https://linksredirect.com/?cid=226556&source=api&url=https%3A%2F%2Fwww.rayneo.com
Pre-approved (open),5252,Razer CPS,razer.com,1.58%,CPS,Yes,https://linksredirect.com/?cid=226556&source=api&url=https%3A%2F%2Fwww.razer.com%2F
Pre-approved (open),3902,RealMe,realme.com,1.58%,CPS,Yes,https://linksredirect.com/?cid=226556&source=api&url=https%3A%2F%2Fwww.realme.com%2Fin%2F
Pre-approved (open),30399,Reccloud,reccloud.com,7.5%,CPS,Yes,https://linksredirect.com/?cid=226556&source=api&url=https%3A%2F%2Freccloud.com%2F
Pre-approved (open),35577,Reclaim.ai,reclaim.ai,22.5%,CPS,No,https://linksredirect.com/?cid=226556&source=api&url=https%3A%2F%2Freclaim.ai%2F
Pre-approved (open),8946,Redbarn,redbarn.com,2.63%,CPS,Yes,https://linksredirect.com/?cid=226556&source=api&url=https%3A%2F%2Fwww.redbarn.com
Pre-approved (open),2376,Reebok UK,reebok.eu,9%,CPS,No,https://linksredirect.com/?cid=226556&source=api&url=https%3A%2F%2Fwww.reebok.eu%2F
Pre-approved (open),7246,Reebok US,reebok.com,5.25%,CPS,Yes,https://linksredirect.com/?cid=226556&source=api&url=https%3A%2F%2Fwww.reebok.com%2F
Pre-approved (open),36653,Reed,reed.co.uk,5.25%,CPS,Yes,https://linksredirect.com/?cid=226556&source=api&url=https%3A%2F%2Fwww.reed.co.uk
Pre-approved (open),11152,Reisemoto,reisemoto.com,5.25%,CPS,Yes,https://linksredirect.com/?cid=226556&source=api&url=https%3A%2F%2Fwww.reisemoto.com%2F
Pre-approved (open),76478,Relishroot,relishroot.com,11.25%,CPS,Yes,https://linksredirect.com/?cid=226556&source=api&url=https%3A%2F%2Fwww.relishroot.com
Pre-approved (open),5464,Remote Base US,remotebase.com,74.26 INR,CPS,Yes,https://linksredirect.com/?cid=226556&source=api&url=https%3A%2F%2Fremotebase.com%2F
Pre-approved (open),17741,Renderforest,renderforest.com,21%,CPS,Yes,https://linksredirect.com/?cid=226556&source=api&url=https%3A%2F%2Fwww.renderforest.com%2F
Pre-approved (open),6111,Renogy,renogy.com,4.8%,CPS,No,https://linksredirect.com/?cid=226556&source=api&url=https%3A%2F%2Fwww.renogy.com%2F
Pre-approved (open),39897,Rent My Stay,rentmystay.com,60 INR,CPS,Yes,https://linksredirect.com/?cid=226556&source=api&url=https%3A%2F%2Fwww.rentmystay.com%2F
Pre-approved (open),15913,Rentcars,rentcars.com,2.75 INR,CPS,No,https://linksredirect.com/?cid=226556&source=api&url=https%3A%2F%2Fwww.rentcars.com
Pre-approved (open),13357,reolink DE,reolink.com,3%,CPS,Yes,https://linksredirect.com/?cid=226556&source=api&url=https%3A%2F%2Freolink.com%2Fde%2F
Pre-approved (open),25086,Reply.io,reply.io,3.75%,CPS,Yes,https://linksredirect.com/?cid=226556&source=api&url=https%3A%2F%2Fwww.reply.io
Pre-approved (open),20462,reptizoo,reptizoo.store,9%,CPS,Yes,https://linksredirect.com/?cid=226556&source=api&url=https%3A%2F%2Freptizoo.store
Pre-approved (open),5604,Reservations Portal,reservationsportal.com,3.75%,CPS,Yes,https://linksredirect.com/?cid=226556&source=api&url=https%3A%2F%2Fwww.reservationsportal.com%2F
Pre-approved (open),40408,Restaurant,restaurant.com,14.25%,CPS,Yes,https://linksredirect.com/?cid=226556&source=api&url=https%3A%2F%2Fwww.restaurant.com%2F
Pre-approved (open),5034,Resume.io,resume.io,3.56%,CPS,Yes,https://linksredirect.com/?cid=226556&source=api&url=https%3A%2F%2Fresume.io%2F
Pre-approved (open),6116,Retro Stage,retro-stage.com,10.69%,CPS,Yes,https://linksredirect.com/?cid=226556&source=api&url=https%3A%2F%2Fwww.retro-stage.com%2F
Pre-approved (open),55189,REVEL,driverevel.com,0.79%,CPS,Yes,https://linksredirect.com/?cid=226556&source=api&url=https%3A%2F%2Fdriverevel.com
Pre-approved (open),6505,Review,review-australia.com,4.99%,CPS,Yes,https://linksredirect.com/?cid=226556&source=api&url=https%3A%2F%2Freview-australia.com%2F
Pre-approved (open),6259,Rich Off Society,richoffsociety.com,11.25%,CPS,Yes,https://linksredirect.com/?cid=226556&source=api&url=https%3A%2F%2Fwww.richoffsociety.com%2F
Pre-approved (open),8630,Righetto,panificiopasticceriarighetto.it,3.56%,CPS,Yes,https://linksredirect.com/?cid=226556&source=api&url=https%3A%2F%2Fwww.panificiopasticceriarighetto.it%2F
Pre-approved (open),5429,Rihoas,rihoas.com,7.5%,CPS,Yes,https://linksredirect.com/?cid=226556&source=api&url=https%3A%2F%2Fwww.rihoas.com%2F
Pre-approved (open),6502,RingConn,ringconn.com,7.5%,CPS,Yes,https://linksredirect.com/?cid=226556&source=api&url=https%3A%2F%2Fringconn.com%2F
Pre-approved (open),7904,Ringgit Plus Credit Card - MY,ringgitplus.com,150.43 INR,CPL,No,https://linksredirect.com/?cid=226556&source=api&url=https%3A%2F%2Fringgitplus.com%2Fen%2Fcredit-card%2F
Pre-approved (open),79256,Rise Works,riseworks.io,32420.2 INR,CPS,Yes,https://linksredirect.com/?cid=226556&source=api&url=https%3A%2F%2Fwww.riseworks.io%2F
Pre-approved (open),11920,Roamify,getroamify.com,8.1%,CPS,Yes,https://linksredirect.com/?cid=226556&source=api&url=https%3A%2F%2Fwww.getroamify.com%2Fen%2F
Pre-approved (open),8578,Roamless,roamless.com,10.69%,CPS,Yes,https://linksredirect.com/?cid=226556&source=api&url=https%3A%2F%2Froamless.com%2F
Pre-approved (open),35576,Robinhood,robinhood.com,4863.04 INR,CPS,Yes,https://linksredirect.com/?cid=226556&source=api&url=https%3A%2F%2Frobinhood.com%2Fus%2Fen%2F
Pre-approved (open),6464,Roborock Official Store,roborock.com,3%,CPS,Yes,https://linksredirect.com/?cid=226556&source=api&url=https%3A%2F%2Fus.roborock.com%2F
Pre-approved (open),20128,Robotimeonline,robotimeonline.com,7.5%,CPS,Yes,https://linksredirect.com/?cid=226556&source=api&url=https%3A%2F%2Fwww.robotimeonline.com
Pre-approved (open),80727,Rocket Reels App,google.com,5.25 INR,CPI - Android,No,https://linksredirect.com/?cid=226556&source=api&url=https%3A%2F%2Fplay.google.com%2Fstore%2Fapps%2Fdetails%3Fid%3Dcom.rheaanddia.rocketreels
Pre-approved (open),21127,Rocketlawyer,rocketlawyer.com,15.75%,CPS,Yes,https://linksredirect.com/?cid=226556&source=api&url=https%3A%2F%2Fwww.rocketlawyer.com%2F
Pre-approved (open),17964,Rogue-industries,rogue-industries.com,6.75%,CPS,Yes,https://linksredirect.com/?cid=226556&source=api&url=https%3A%2F%2Fwww.rogue-industries.com
Pre-approved (open),5835,Rokid,rokid.com,8.1%,CPS,Yes,https://linksredirect.com/?cid=226556&source=api&url=https%3A%2F%2Fglobal.rokid.com%2F
Pre-approved (open),5616,Roselinlin,roselinlin.com,9%,CPS,No,https://linksredirect.com/?cid=226556&source=api&url=https%3A%2F%2Froselinlin.com%2F
Pre-approved (open),40094,Roseonsix,roseonsix.com,3%,CPS,Yes,https://linksredirect.com/?cid=226556&source=api&url=https%3A%2F%2Froseonsix.com%2F
Pre-approved (open),5121,Rotita,rotita.com,5.7%,CPS,No,https://linksredirect.com/?cid=226556&source=api&url=https%3A%2F%2Fwww.rotita.com%2F
Pre-approved (open),32816,Ruhe,ruheindia.com,6.3%,CPS,Yes,https://linksredirect.com/?cid=226556&source=api&url=https%3A%2F%2Fruheindia.com%2F
Pre-approved (open),9591,RunPod,runpod.io,7.5%,CPS,Yes,https://linksredirect.com/?cid=226556&source=api&url=https%3A%2F%2Fwww.runpod.io%2F
Pre-approved (open),40560,RV Water Filter Store,rvwaterfilterstore.com,7.5%,CPS,Yes,https://linksredirect.com/?cid=226556&source=api&url=https%3A%2F%2Fwww.rvwaterfilterstore.com%2F
Pre-approved (open),2889,Ryka,ryka.com,2.25%,CPS,Yes,https://linksredirect.com/?cid=226556&source=api&url=https%3A%2F%2Fwww.ryka.com%2F
Pre-approved (open),6776,SA Aligners - US,saaligners.com,5.25%,CPS,Yes,https://linksredirect.com/?cid=226556&source=api&url=https%3A%2F%2Fsaaligners.com%2F
Pre-approved (open),77096,Sadaa,saadaa.in,6%,CPS,Yes,https://linksredirect.com/?cid=226556&source=api&url=https%3A%2F%2Fsaadaa.in%2F
Pre-approved (open),29548,Safeshellvpn,safeshellvpn.com,35.63%,CPS,Yes,https://linksredirect.com/?cid=226556&source=api&url=https%3A%2F%2Fwww.safeshellvpn.com%2F
Pre-approved (open),19179,Sage,sage.com,5.25 INR,CPS,Yes,https://linksredirect.com/?cid=226556&source=api&url=https%3A%2F%2Fwww.sage.com
Pre-approved (open),7281,Saily,saily.com,7.13%,CPS,Yes,https://linksredirect.com/?cid=226556&source=api&url=https%3A%2F%2Fsaily.com%2F
Pre-approved (open),39822,Sakuramobile,sakuramobile.jp,14.25%,CPS,Yes,https://linksredirect.com/?cid=226556&source=api&url=https%3A%2F%2Fwww.sakuramobile.jp%2F
Pre-approved (open),8143,Sallybeauty,sallybeauty.com,1.13%,CPS,Yes,https://linksredirect.com/?cid=226556&source=api&url=https%3A%2F%2Fwww.sallybeauty.com
Pre-approved (open),36143,SaltLife,saltlife.com,1.73%,CPS,Yes,https://linksredirect.com/?cid=226556&source=api&url=https%3A%2F%2Fsaltlife.com%2F
Pre-approved (open),6174,Salty,salty.co.in,11.25%,CPS,No,https://linksredirect.com/?cid=226556&source=api&url=https%3A%2F%2Fsalty.co.in%2F
Pre-approved (open),6230,SamBoat - US,samboat.com,3.75%,CPS,Yes,https://linksredirect.com/?cid=226556&source=api&url=https%3A%2F%2Fwww.samboat.com%2F
Pre-approved (open),58595,Samsonite US,samsonite.com,2.63%,CPS,Yes,https://linksredirect.com/?cid=226556&source=api&url=https%3A%2F%2Fshop.samsonite.com%2F
Pre-approved (open),79455,Samsung hk,samsung.com,0.75%,CPS,Yes,https://linksredirect.com/?cid=226556&source=api&url=https%3A%2F%2Fwww.samsung.com%2Fhk%2F
Pre-approved (open),4750,Samsung ID,samsung.com,1.91%,CPS,Yes,https://linksredirect.com/?cid=226556&source=api&url=https%3A%2F%2Fwww.samsung.com%2Fid%2F
Pre-approved (open),79412,Samsung Malaysia,samsung.com,1.5%,CPS,No,https://linksredirect.com/?cid=226556&source=api&url=https%3A%2F%2Fwww.samsung.com%2Fmy%2F
Pre-approved (open),5322,Samsung PH,samsung.com,0.75%,CPS,No,https://linksredirect.com/?cid=226556&source=api&url=https%3A%2F%2Fwww.samsung.com%2Fph%2F
Pre-approved (open),5340,Samsung SG,samsung.com,1.91%,CPS,Yes,https://linksredirect.com/?cid=226556&source=api&url=https%3A%2F%2Fwww.samsung.com%2Fsg%2F
Pre-approved (open),5247,Samsung Thailand,samsung.com,2.63%,CPS,Yes,https://linksredirect.com/?cid=226556&source=api&url=https%3A%2F%2Fwww.samsung.com%2Fth%2F
Pre-approved (open),79456,samsung vn,samsung.com,0.75%,CPS,Yes,https://linksredirect.com/?cid=226556&source=api&url=https%3A%2F%2Fwww.samsung.com%2Fvn%2F
Pre-approved (open),6479,Sand&Sky,sandandsky.com,1.5%,CPS,Yes,https://linksredirect.com/?cid=226556&source=api&url=https%3A%2F%2Fint.sandandsky.com%2F
Pre-approved (open),6551,SaneBox,sanebox.com,15%,CPS,Yes,https://linksredirect.com/?cid=226556&source=api&url=https%3A%2F%2Fwww.sanebox.com%2F
Pre-approved (open),53216,Santa’s Little Helpers Game (US),santaslittlehelpersgame.com,7.5%,CPS,Yes,https://linksredirect.com/?cid=226556&source=api&url=https%3A%2F%2Fsantaslittlehelpersgame.com%2F
Pre-approved (open),80201,Sarkar Perfume,sarkar.store,3.75%,CPS,Yes,https://linksredirect.com/?cid=226556&source=api&url=https%3A%2F%2Fwww.sarkar.store%2F
Pre-approved (open),9470,Saucony US,saucony.com,1.8%,CPS,No,https://linksredirect.com/?cid=226556&source=api&url=https%3A%2F%2Fwww.saucony.com%2Fen%2Fhome
Pre-approved (open),6356,SBI Credit Card CPL,sbicard.com,1875 INR,CPL,No,https://linksredirect.com/?cid=226556&source=api&url=https%3A%2F%2Fwww.sbicard.com%2Fcorecards%2F
Pre-approved (open),6354,SBI Sprint Cashback Credit Card CPL,sbicard.com,1890 INR,CPL,No,https://linksredirect.com/?cid=226556&source=api&url=https%3A%2F%2Fwww.sbicard.com%2Fsprint%2Fcashback
Pre-approved (open),27996,Scarletperiod,scarletperiod.com,7.13%,CPS,Yes,https://linksredirect.com/?cid=226556&source=api&url=https%3A%2F%2Fscarletperiod.com%2F
Pre-approved (open),39180,Schwinnfitness,schwinnfitness.com,1.5%,CPS,Yes,https://linksredirect.com/?cid=226556&source=api&url=https%3A%2F%2Fwww.schwinnfitness.com
Pre-approved (open),5336,SEAGM,seagm.com,0.42%,CPS,Yes,https://linksredirect.com/?cid=226556&source=api&url=https%3A%2F%2Fwww.seagm.com%2F
Pre-approved (open),30123,Seamless,seamless.ai,2.25%,CPS,Yes,https://linksredirect.com/?cid=226556&source=api&url=https%3A%2F%2Fwww.seamless.ai
Pre-approved (open),6524,Selenichast,selenichast.com,3.56%,CPS,Yes,https://linksredirect.com/?cid=226556&source=api&url=https%3A%2F%2Fselenichast.com%2F
Pre-approved (open),28254,senatorhr,senatorhr.com,2.25%,CPS,No,https://linksredirect.com/?cid=226556&source=api&url=https%3A%2F%2Fwww.senatorhr.com
Pre-approved (open),75538,Sendcloud,sendcloud.com,12968.1 INR,CPS,Yes,https://linksredirect.com/?cid=226556&source=api&url=https%3A%2F%2Fwww.sendcloud.com%2F
Pre-approved (open),264,Sennheiser,sennheiser.com,7.5%,CPS,Yes,https://linksredirect.com/?cid=226556&source=api&url=https%3A%2F%2Fwww.sennheiser.com%2Fen-au
Pre-approved (open),5226,Sephora Hong Kong,sephora.hk,4.2%,CPS,Yes,https://linksredirect.com/?cid=226556&source=api&url=https%3A%2F%2Fwww.sephora.hk%2F
Pre-approved (open),5471,Sephora Indonesia,sephora.co.id,4.2%,CPS,Yes,https://linksredirect.com/?cid=226556&source=api&url=https%3A%2F%2Fwww.sephora.co.id%2F
Pre-approved (open),6189,Sephora Malaysia,sephora.my,1.58%,CPS,Yes,https://linksredirect.com/?cid=226556&source=api&url=https%3A%2F%2Fwww.sephora.my%2F
Pre-approved (open),5225,Sephora Philippines,sephora.ph,4.2%,CPS,Yes,https://linksredirect.com/?cid=226556&source=api&url=https%3A%2F%2Fwww.sephora.ph%2F
Pre-approved (open),8601,Sephora Thailand,sephora.co.th,4.5%,CPS,Yes,https://linksredirect.com/?cid=226556&source=api&url=https%3A%2F%2Fwww.sephora.co.th%2F
Pre-approved (open),8369,Sesamecare,sesamecare.com,10.5 INR,CPS,Yes,https://linksredirect.com/?cid=226556&source=api&url=https%3A%2F%2Fwww.sesamecare.com
Pre-approved (open),8625,Setapp,setapp.com,13.13 INR,CPS,Yes,https://linksredirect.com/?cid=226556&source=api&url=https%3A%2F%2Fsetapp.com%2F
Pre-approved (open),9513,Seva Homes,sevahome.in,15%,CPS,Yes,https://linksredirect.com/?cid=226556&source=api&url=https%3A%2F%2Fwww.sevahome.in%2F
Pre-approved (open),40238,Shark clean,sharkclean.com,1.01%,CPS,Yes,https://linksredirect.com/?cid=226556&source=api&url=https%3A%2F%2Fsharkclean.com
Pre-approved (open),57556,ShengShu AI,vidu.com,22.5%,CPS,Yes,https://linksredirect.com/?cid=226556&source=api&url=https%3A%2F%2Fwww.vidu.com%2F
Pre-approved (open),40126,Shiftie,shiftie.co,11.25%,CPS,Yes,https://linksredirect.com/?cid=226556&source=api&url=https%3A%2F%2Fshiftie.co%2F
Pre-approved (open),7753,ShinningU - US,shinningu.com,18.75%,CPS,Yes,https://linksredirect.com/?cid=226556&source=api&url=https%3A%2F%2Fwww.shinningu.com%2F
Pre-approved (open),9064,Shiseido,shiseido.com,2.4%,CPS,Yes,https://linksredirect.com/?cid=226556&source=api&url=https%3A%2F%2Fwww.shiseido.com%2Fus%2Fen%2F
Pre-approved (open),12090,Shokz,shokz.com,3.75%,CPS,Yes,https://linksredirect.com/?cid=226556&source=api&url=https%3A%2F%2Fshokz.com%2F
Pre-approved (open),1207,Shopbop,shopbop.com,0.75%,CPS,Yes,https://linksredirect.com/?cid=226556&source=api&url=https%3A%2F%2Fwww.shopbop.com%2F
Pre-approved (open),152,ShopClues,shopclues.com,6.75%,CPS,Yes,https://linksredirect.com/?cid=226556&source=api&url=https%3A%2F%2Fwww.shopclues.com%2F
Pre-approved (open),80708,Shopee BR,shopee.com.br,2.4%,CPS,Yes,https://linksredirect.com/?cid=226556&source=api&url=https%3A%2F%2Fshopee.com.br%2F
Pre-approved (open),5241,Shopee MY,shopee.com.my,0.52%,CPS,No,https://linksredirect.com/?cid=226556&source=api&url=https%3A%2F%2Fshopee.com.my%2F
Pre-approved (open),4403,Shopee PH,shopee.ph,2.1%,CPS,No,https://linksredirect.com/?cid=226556&source=api&url=https%3A%2F%2Fshopee.ph%2F
Pre-approved (open),410,Shopee SG,shopee.sg,6.3%,CPS,Yes,https://linksredirect.com/?cid=226556&source=api&url=https%3A%2F%2Fshopee.sg%2F
Pre-approved (open),3822,Shopee TH,shopee.co.th,0.96%,CPS,No,https://linksredirect.com/?cid=226556&source=api&url=https%3A%2F%2Fshopee.co.th%2F
Pre-approved (open),5230,Shopee VN,shopee.vn,20.25%,CPS,No,https://linksredirect.com/?cid=226556&source=api&url=https%3A%2F%2Fshopee.vn%2F
Pre-approved (open),5498,Shopsy,shopsy.in,7.5%,CPS,Yes,https://linksredirect.com/?cid=226556&source=api&url=https%3A%2F%2Fwww.shopsy.in%2F
Pre-approved (open),64909,Shoptupperware,shoptupperware.in,10.5%,CPS,Yes,https://linksredirect.com/?cid=226556&source=api&url=https%3A%2F%2Fwww.shoptupperware.in
Pre-approved (open),2967,Shyaway,shyaway.com,21%,CPS,Yes,https://linksredirect.com/?cid=226556&source=api&url=https%3A%2F%2Fwww.shyaway.com%2F
Pre-approved (open),29413,Sider.ai,sider.ai,39%,CPS,Yes,https://linksredirect.com/?cid=226556&source=api&url=https%3A%2F%2Fsider.ai%2F
Pre-approved (open),51112,Sidi,sidi.com,7.13%,CPS,Yes,https://linksredirect.com/?cid=226556&source=api&url=https%3A%2F%2Fsidi.com%2F
Pre-approved (open),6088,Sifjakobs,sifjakobs.com,6%,CPS,Yes,https://linksredirect.com/?cid=226556&source=api&url=https%3A%2F%2Fwww.sifjakobs.com
Pre-approved (open),6515,SignNow,signnow.com,712.5 INR,CPS,Yes,https://linksredirect.com/?cid=226556&source=api&url=https%3A%2F%2Fwww.signnow.com%2F
Pre-approved (open),44157,Sihoo DE,sihoo.com,3.75%,CPS,Yes,https://linksredirect.com/?cid=226556&source=api&url=https%3A%2F%2Fde.sihoo.com%2F
Pre-approved (open),79252,Sihoo FR,sihoo.com,3.75%,CPS,Yes,https://linksredirect.com/?cid=226556&source=api&url=https%3A%2F%2Ffr.sihoo.com%2F
Pre-approved (open),6128,SilkSilky,silksilky.com,7.5%,CPS,Yes,https://linksredirect.com/?cid=226556&source=api&url=https%3A%2F%2Fsilksilky.com%2F
Pre-approved (open),35272,Silly Punter,sillypunter.com,21%,CPS,Yes,https://linksredirect.com/?cid=226556&source=api&url=https%3A%2F%2Fsillypunter.com%2F
Pre-approved (open),9502,Simbye,simbye.com,10.5%,CPS,No,https://linksredirect.com/?cid=226556&source=api&url=https%3A%2F%2Fwww.simbye.com
Pre-approved (open),53445,Simian Saboteur,simiansaboteur.com,4.5%,CPS,Yes,https://linksredirect.com/?cid=226556&source=api&url=https%3A%2F%2Fsimiansaboteur.com
Pre-approved (open),11154,Simihaze Beauty,simihazebeauty.com,5.25%,CPS,Yes,https://linksredirect.com/?cid=226556&source=api&url=https%3A%2F%2Fsimihazebeauty.com%2F
Pre-approved (open),17915,Similarweb,similarweb.com,7425.67 INR,CPS,Yes,https://linksredirect.com/?cid=226556&source=api&url=https%3A%2F%2Fwww.similarweb.com%2F
Pre-approved (open),7308,Simkhai,simkhai.com,1.5%,CPS,Yes,https://linksredirect.com/?cid=226556&source=api&url=https%3A%2F%2Fsimkhai.com%2F
Pre-approved (open),6495,Simply Wholesale,simplywholesale.com.au,2.63%,CPS,Yes,https://linksredirect.com/?cid=226556&source=api&url=https%3A%2F%2Fwww.simplywholesale.com.au%2F
Pre-approved (open),28167,Sin Eyewear,sineyewear.com.au,6%,CPS,Yes,https://linksredirect.com/?cid=226556&source=api&url=https%3A%2F%2Fsineyewear.com.au%2F
Pre-approved (open),36550,Sinsay,sinsay.com,7.5%,CPS,Yes,https://linksredirect.com/?cid=226556&source=api&url=https%3A%2F%2Fwww.sinsay.com
Pre-approved (open),9800,Sintra.ai,sintra.ai,21 INR,CPS,Yes,https://linksredirect.com/?cid=226556&source=api&url=https%3A%2F%2Fsintra.ai
Pre-approved (open),4604,Sirona,thesirona.com,18.83%,CPS,Yes,https://linksredirect.com/?cid=226556&source=api&url=https%3A%2F%2Fthesirona.com%2F
Pre-approved (open),27731,Site123,site123.com,75 INR,CPS,Yes,https://linksredirect.com/?cid=226556&source=api&url=https%3A%2F%2Fwww.site123.com
Pre-approved (open),4342,skillshare,skillshare.com,24%,CPS,No,https://linksredirect.com/?cid=226556&source=api&url=https%3A%2F%2Fwww.skillshare.com
Pre-approved (open),25807,Skin Beauty Solutions,skinbeautysolutions.com,7.5%,CPS,Yes,https://linksredirect.com/?cid=226556&source=api&url=https%3A%2F%2Fskinbeautysolutions.com
Pre-approved (open),15472,Skulljewelry,skulljewelry.com,11.25%,CPS,No,https://linksredirect.com/?cid=226556&source=api&url=https%3A%2F%2Fwww.skulljewelry.com
Pre-approved (open),8615,Skyeng - RU,skyeng.ru,9%,CPS,Yes,https://linksredirect.com/?cid=226556&source=api&url=https%3A%2F%2Fstudy.skyeng.ru%2F
Pre-approved (open),6257,skylum,skylum.com,11.25%,CPS,Yes,https://linksredirect.com/?cid=226556&source=api&url=https%3A%2F%2Fwww.skylum.com
Pre-approved (open),10169,Skyshowtime,skyshowtime.com,20.48 INR,CPS,Yes,https://linksredirect.com/?cid=226556&source=api&url=https%3A%2F%2Fwww.skyshowtime.com
Pre-approved (open),35352,Skywork,skywork.ai,15%,CPS,Yes,https://linksredirect.com/?cid=226556&source=api&url=https%3A%2F%2Fskywork.ai%2F
Pre-approved (open),5586,Sleepwell,mysleepwell.com,9%,CPS,Yes,https://linksredirect.com/?cid=226556&source=api&url=https%3A%2F%2Fwww.mysleepwell.com%2Fcollections%2Fmattress
Pre-approved (open),4225,Sleepycat,sleepycat.in,3%,CPS,Yes,https://linksredirect.com/?cid=226556&source=api&url=https%3A%2F%2Fsleepycat.in%2F
Pre-approved (open),5942,Smallflower,smallflower.com,7.5%,CPS,Yes,https://linksredirect.com/?cid=226556&source=api&url=https%3A%2F%2Fwww.smallflower.com%2F
Pre-approved (open),4481,Smartproxy,smartproxy.com,35.63%,CPS,Yes,https://linksredirect.com/?cid=226556&source=api&url=https%3A%2F%2Fsmartproxy.com%2F
Pre-approved (open),8619,Smile Makers,smilemakerscollection.com,7.13%,CPS,Yes,https://linksredirect.com/?cid=226556&source=api&url=https%3A%2F%2Fsmilemakerscollection.com%2F
Pre-approved (open),6555,Smith & Sinclair,smithandsinclair.com,7.5%,CPS,Yes,https://linksredirect.com/?cid=226556&source=api&url=https%3A%2F%2Fwww.smithandsinclair.com%2F
Pre-approved (open),38855,Snowfire AI,snowfire.ai,3.75%,CPS,Yes,https://linksredirect.com/?cid=226556&source=api&url=https%3A%2F%2Fwww.snowfire.ai%2F
Pre-approved (open),28462,Soax,soax.com,21.38%,CPS,Yes,https://linksredirect.com/?cid=226556&source=api&url=https%3A%2F%2Fsoax.com%2F
Pre-approved (open),5834,Social Catfish,socialcatfish.com,36959.1 INR,CPS,Yes,https://linksredirect.com/?cid=226556&source=api&url=https%3A%2F%2Fsocialcatfish.com%2F
Pre-approved (open),55447,Social Stories Club (UK),socialstoriesclub.com,7.5%,CPS,Yes,https://linksredirect.com/?cid=226556&source=api&url=https%3A%2F%2Fsocialstoriesclub.com
Pre-approved (open),66969,Socialbee,socialbee.com,15%,CPS,Yes,https://linksredirect.com/?cid=226556&source=api&url=https%3A%2F%2Fsocialbee.com%2F
Pre-approved (open),7871,SodaStream,sodastream.com,3.75%,CPS,Yes,https://linksredirect.com/?cid=226556&source=api&url=https%3A%2F%2Fsodastream.com%2F
Pre-approved (open),18112,Softorino,softorino.com,21.38%,CPS,Yes,https://linksredirect.com/?cid=226556&source=api&url=https%3A%2F%2Fsoftorino.com%2F
Pre-approved (open),16473,SOJOS VISION,sojosvision.com,7.5%,CPS,Yes,https://linksredirect.com/?cid=226556&source=api&url=https%3A%2F%2Fwww.sojosvision.com
Pre-approved (open),78562,Sol & Tide Sunwear,solandtide.com.au,7.5%,CPS,Yes,https://linksredirect.com/?cid=226556&source=api&url=https%3A%2F%2Fsolandtide.com.au%2F
Pre-approved (open),9529,Solara CPS,solara.in,6.75%,CPS,Yes,https://linksredirect.com/?cid=226556&source=api&url=https%3A%2F%2Fwww.solara.in%2F
Pre-approved (open),5662,Sor Khonkaen - TH,sorkon.co.th,58.36 INR,CPS,Yes,https://linksredirect.com/?cid=226556&source=api&url=https%3A%2F%2Fshop.sorkon.co.th%2Fth
Pre-approved (open),5593,Sorare,sorare.com,6%,CPS,Yes,https://linksredirect.com/?cid=226556&source=api&url=https%3A%2F%2Fsorare.com%2F
Pre-approved (open),3468,Soulflower,soulflower.in,8.77%,CPS,Yes,https://linksredirect.com/?cid=226556&source=api&url=https%3A%2F%2Fwww.soulflower.in%2F
Pre-approved (open),5575,Soulight,soulight.com,15%,CPS,Yes,https://linksredirect.com/?cid=226556&source=api&url=https%3A%2F%2Fsoulight.com%2F
Pre-approved (open),5438,SpaceAid,spaceaidhome.com,18.75%,CPS,Yes,https://linksredirect.com/?cid=226556&source=api&url=https%3A%2F%2Fspaceaidhome.com
Pre-approved (open),77502,Speakon,speakon.app,15%,CPS,Yes,https://linksredirect.com/?cid=226556&source=api&url=https%3A%2F%2Fwww.speakon.app%2F
Pre-approved (open),11841,Spelabautoparts,spelabautoparts.com,5.7%,CPS,Yes,https://linksredirect.com/?cid=226556&source=api&url=https%3A%2F%2Fwww.spelabautoparts.com%2F
Pre-approved (open),5228,Spocket,spocket.co,15%,CPS,Yes,https://linksredirect.com/?cid=226556&source=api&url=https%3A%2F%2Fwww.spocket.co%2F
Pre-approved (open),4331,Sports Direct UK,sportsdirect.com,1.5%,CPS,Yes,https://linksredirect.com/?cid=226556&source=api&url=https%3A%2F%2Fwww.sportsdirect.com%2F
Pre-approved (open),4661,Spotlight Oral Care,spotlightoralcare.com,4.5%,CPS,No,https://linksredirect.com/?cid=226556&source=api&url=https%3A%2F%2Feu.spotlightoralcare.com%2F
Pre-approved (open),5304,Spotlight Oral Care UK,spotlightoralcare.com,4.5%,CPS,Yes,https://linksredirect.com/?cid=226556&source=api&url=https%3A%2F%2Fuk.spotlightoralcare.com%2F
Pre-approved (open),75397,SPS Revenue Recovery,spscommerce.com,32.42 INR,CPS,Yes,https://linksredirect.com/?cid=226556&source=api&url=https%3A%2F%2Fwww.spscommerce.com%2F
Pre-approved (open),9186,Stacksocial,stacksocial.com,4.2%,CPS,Yes,https://linksredirect.com/?cid=226556&source=api&url=https%3A%2F%2Fwww.stacksocial.com%2F
Pre-approved (open),4625,Stacy Adams,stacyadams.com,3.75%,CPS,Yes,https://linksredirect.com/?cid=226556&source=api&url=https%3A%2F%2Fwww.stacyadams.com%2Fshop%2Findex.html
Pre-approved (open),57720,Stampezee,stampezee.com,6.23%,CPS,No,https://linksredirect.com/?cid=226556&source=api&url=https%3A%2F%2Fwww.stampezee.com%2Fen%2Flite
Pre-approved (open),8372,Stanley1913,stanley1913.com.br,4.2%,CPS,Yes,https://linksredirect.com/?cid=226556&source=api&url=https%3A%2F%2Fwww.stanley1913.com.br%2F
Pre-approved (open),57769,Starforged,starforged.com,6%,CPS,Yes,https://linksredirect.com/?cid=226556&source=api&url=https%3A%2F%2Fstore.starforged.com%2F
Pre-approved (open),6373,Stayz AU,stayz.com.au,0%,CPS,Yes,https://linksredirect.com/?cid=226556&source=api&url=https%3A%2F%2Fwww.stayz.com.au%2F
Pre-approved (open),55358,Steadfast Golf,steadfastgolf.com,7.5%,CPS,Yes,https://linksredirect.com/?cid=226556&source=api&url=https%3A%2F%2Fsteadfastgolf.com%2F
Pre-approved (open),37499,Steadfast Nutrition,steadfastnutrition.in,13.5%,CPS,Yes,https://linksredirect.com/?cid=226556&source=api&url=https%3A%2F%2Fwww.steadfastnutrition.in%2F
Pre-approved (open),77151,Stellar Snacks,stellarsnacks.com,7.5%,CPS,Yes,https://linksredirect.com/?cid=226556&source=api&url=https%3A%2F%2Fstellarsnacks.com%2F
Pre-approved (open),8060,Strch,strch.com,18.75%,CPS,Yes,https://linksredirect.com/?cid=226556&source=api&url=https%3A%2F%2Fstrch.com%2F
Pre-approved (open),77099,strevoxes,strevoxes.com,11.25%,CPS,Yes,https://linksredirect.com/?cid=226556&source=api&url=https%3A%2F%2Fwww.strevoxes.com%2F
Pre-approved (open),21967,Striking Viking,vikingbeardgear.com,7.13%,CPS,Yes,https://linksredirect.com/?cid=226556&source=api&url=https%3A%2F%2Fvikingbeardgear.com%2F
Pre-approved (open),53725,stuhrling,stuhrling.com,3.92%,CPS,Yes,https://linksredirect.com/?cid=226556&source=api&url=https%3A%2F%2Fwww.stuhrling.com
Pre-approved (open),9283,Stylevana,stylevana.com,1.5%,CPS,Yes,https://linksredirect.com/?cid=226556&source=api&url=https%3A%2F%2Fwww.stylevana.com%2F
Pre-approved (open),5653,Stylevana HK,stylevana.com,4.5%,CPS,Yes,https://linksredirect.com/?cid=226556&source=api&url=https%3A%2F%2Fwww.stylevana.com%2Fzh_HK%2F
Pre-approved (open),4737,Stylewe,stylewe.com,9%,CPS,Yes,https://linksredirect.com/?cid=226556&source=api&url=https%3A%2F%2Fstylewe.com%2F
Pre-approved (open),3666,Sugar Cosmetics,sugarcosmetics.com,15%,CPS,Yes,https://linksredirect.com/?cid=226556&source=api&url=https%3A%2F%2Fwww.sugarcosmetics.com%2F
Pre-approved (open),58119,Sungait,sungait.com,5.25%,CPS,Yes,https://linksredirect.com/?cid=226556&source=api&url=https%3A%2F%2Fwww.sungait.com
Pre-approved (open),9685,Sunjoyshop,sunjoyshop.com,1.5%,CPS,Yes,https://linksredirect.com/?cid=226556&source=api&url=https%3A%2F%2Fsunjoyshop.com
Pre-approved (open),77098,SunnyWhale,sunnywhale.net,7.5%,CPS,Yes,https://linksredirect.com/?cid=226556&source=api&url=https%3A%2F%2Fsunnywhale.net%2F
Pre-approved (open),53754,SuperBox,superboxplus.com,15%,CPS,Yes,https://linksredirect.com/?cid=226556&source=api&url=https%3A%2F%2Fwww.superboxplus.com
Pre-approved (open),58274,Superfiliate,superfiliate.com,18.75%,CPS,No,https://linksredirect.com/?cid=226556&source=api&url=https%3A%2F%2Ftry.superfiliate.com%2Fpartners
Pre-approved (open),9770,Superjeweler,superjeweler.com,3.75%,CPS,Yes,https://linksredirect.com/?cid=226556&source=api&url=https%3A%2F%2Fwww.superjeweler.com
Pre-approved (open),7888,Supersports - TH,supersports.co.th,5.25%,CPS,Yes,https://linksredirect.com/?cid=226556&source=api&url=https%3A%2F%2Fwww.supersports.co.th%2F
Pre-approved (open),80640,SuperYou,superyou.in,2.63%,CPS,Yes,https://linksredirect.com/?cid=226556&source=api&url=https%3A%2F%2Fsuperyou.in%2F
Pre-approved (open),23641,Surebeauty,surebeauty.com,6%,CPS,Yes,https://linksredirect.com/?cid=226556&source=api&url=https%3A%2F%2Fsurebeauty.com%2Fcollections%2Fbody-sculpting-machine
Pre-approved (open),80832,Surfshark,surfshark.com,3177.18 INR,CPS,No,https://linksredirect.com/?cid=226556&source=api&url=https%3A%2F%2Fsurfshark.com%2Fdeal%2Fone
Pre-approved (open),36209,SurveyMonkey,surveymonkey.com,3.75%,CPS,Yes,https://linksredirect.com/?cid=226556&source=api&url=https%3A%2F%2Fwww.surveymonkey.com%2F
Pre-approved (open),7443,surveysparrow,surveysparrow.com,13.13%,CPS,Yes,https://linksredirect.com/?cid=226556&source=api&url=https%3A%2F%2Fsurveysparrow.com%2F
Pre-approved (open),19034,Suunto,suunto.com,7.5%,CPS,Yes,https://linksredirect.com/?cid=226556&source=api&url=https%3A%2F%2Fus.suunto.com%2F
Pre-approved (open),56866,Suvasa,suvasa.in,2.63%,CPS,Yes,https://linksredirect.com/?cid=226556&source=api&url=https%3A%2F%2Fsuvasa.in%2F
Pre-approved (open),76891,Svastika,svastika.in,9%,CPS,Yes,https://linksredirect.com/?cid=226556&source=api&url=https%3A%2F%2Fsvastika.in%2F
Pre-approved (open),7334,Svens Skincare,svensskincare.com,15%,CPS,Yes,https://linksredirect.com/?cid=226556&source=api&url=https%3A%2F%2Fwww.svensskincare.com%2F
Pre-approved (open),8873,Sweetnight (US),sweetnight.com,3.75%,CPS,Yes,https://linksredirect.com/?cid=226556&source=api&url=https%3A%2F%2Fwww.sweetnight.com%2F
Pre-approved (open),4494,Swisse,swisse.co.in,11.25%,CPS,Yes,https://linksredirect.com/?cid=226556&source=api&url=https%3A%2F%2Fswisse.co.in%2F
Pre-approved (open),6250,Switcher Studio,switcherstudio.com,19452.2 INR,CPS,Yes,https://linksredirect.com/?cid=226556&source=api&url=https%3A%2F%2Fwww.switcherstudio.com%2F
Pre-approved (open),29856,Talkpal,talkpal.ai,18%,CPS,Yes,https://linksredirect.com/?cid=226556&source=api&url=https%3A%2F%2Ftalkpal.ai%2F
Pre-approved (open),29564,Tangem,tangem.com,742.57 INR,CPS,Yes,https://linksredirect.com/?cid=226556&source=api&url=https%3A%2F%2Ftangem.com%2Fen%2F
Pre-approved (open),4229,Tanishq,tanishq.co.in,1.58%,CPS,Yes,https://linksredirect.com/?cid=226556&source=api&url=https%3A%2F%2Fwww.tanishq.co.in%2F
Pre-approved (open),15060,Taobao,taobao.com,2.25%,CPS,Yes,https://linksredirect.com/?cid=226556&source=api&url=https%3A%2F%2Fai.world.taobao.com%2F
Pre-approved (open),1014,Tap Air Portugal,flytap.com,0.6%,CPS,Yes,https://linksredirect.com/?cid=226556&source=api&url=https%3A%2F%2Fwww.flytap.com%2F
Pre-approved (open),6225,Target,target.com,64.84 INR,CPS,Yes,https://linksredirect.com/?cid=226556&source=api&url=https%3A%2F%2Fwww.target.com
Pre-approved (open),5135,Tastecard UK,tastecard.co.uk,37.13 INR,CPS,Yes,https://linksredirect.com/?cid=226556&source=api&url=https%3A%2F%2Fwww.tastecard.co.uk%2F
Pre-approved (open),4060,Tata AIG 4W insurance,tataaig.com,30%,CPS,No,https://linksredirect.com/?cid=226556&source=api&url=https%3A%2F%2Fwww.tataaig.com%2Fbuy-online%2Fmotor-insurance%2Fnew-vehicle-car-insurance
Pre-approved (open),2588,Tata Cliq,tatacliq.com,3.75%,CPS,Yes,https://linksredirect.com/?cid=226556&source=api&url=https%3A%2F%2Fwww.tatacliq.com%2F
Pre-approved (open),7656,Tata Neu HDFC Credit Card CPL,tataneu.com,562.5 INR,CPL,No,https://linksredirect.com/?cid=226556&source=api&url=https%3A%2F%2Fwww.tataneu.com%2Fcreditcard%2F
Pre-approved (open),13360,Tax1099,tax1099.com,11.25%,CPS,Yes,https://linksredirect.com/?cid=226556&source=api&url=https%3A%2F%2Fwww.tax1099.com%2F
Pre-approved (open),12021,TCL Singapore,tclsingapore.com,2.25%,CPS,Yes,https://linksredirect.com/?cid=226556&source=api&url=https%3A%2F%2Ftclsingapore.com%2F
Pre-approved (open),45784,TCL United States,tcl.com,6%,CPS,Yes,https://linksredirect.com/?cid=226556&source=api&url=https%3A%2F%2Fus.tcl.com%2F
Pre-approved (open),53871,Technextday,technextday.co.uk,0.77%,CPS,Yes,https://linksredirect.com/?cid=226556&source=api&url=https%3A%2F%2Fwww.technextday.co.uk%2F
Pre-approved (open),8810,Techsmith,techsmith.com,8.55%,CPS,Yes,https://linksredirect.com/?cid=226556&source=api&url=https%3A%2F%2Fwww.techsmith.com%2F
Pre-approved (open),57696,TecSox,tecsox.com,7.5%,CPS,Yes,https://linksredirect.com/?cid=226556&source=api&url=https%3A%2F%2Ftecsox.com%2F
Pre-approved (open),9904,Teddy Boy,teddyboy.in,12%,CPS,No,https://linksredirect.com/?cid=226556&source=api&url=https%3A%2F%2Fteddyboy.in%2F
Pre-approved (open),5007,Teepublic US,teepublic.com,1.42%,CPS,Yes,https://linksredirect.com/?cid=226556&source=api&url=https%3A%2F%2Fwww.teepublic.com%2F
Pre-approved (open),36262,Tellent,tellent.com,11.25%,CPS,Yes,https://linksredirect.com/?cid=226556&source=api&url=https%3A%2F%2Fauth.tellent.com%2Fsign-up
Pre-approved (open),7883,Temptation Experience,temptation-experience.com,3.84%,CPS,Yes,https://linksredirect.com/?cid=226556&source=api&url=https%3A%2F%2Fwww.temptation-experience.com%2F
Pre-approved (open),5399,temu,temu.com,20.25%,CPS,Yes,https://linksredirect.com/?cid=226556&source=api&url=https%3A%2F%2Fwww.temu.com%2F
Pre-approved (open),58562,Ten X You,tenxyou.com,4.5%,CPS,Yes,https://linksredirect.com/?cid=226556&source=api&url=https%3A%2F%2Ftenxyou.com%2F
Pre-approved (open),20139,Tenable,tenable.com,3.75%,CPS,Yes,https://linksredirect.com/?cid=226556&source=api&url=https%3A%2F%2Fwww.tenable.com
Pre-approved (open),58276,Tenniix,tenniix.ai,4.5%,CPS,Yes,https://linksredirect.com/?cid=226556&source=api&url=https%3A%2F%2Fde.tenniix.ai%2F
Pre-approved (open),5093,Tenways (US),tenways.com,4.5%,CPS,Yes,https://linksredirect.com/?cid=226556&source=api&url=https%3A%2F%2Fwww.tenways.com%2F
Pre-approved (open),3559,Tessabit,tessabit.com,7.5%,CPS,Yes,https://linksredirect.com/?cid=226556&source=api&url=https%3A%2F%2Fwww.tessabit.com%2F
Pre-approved (open),53913,TESSAN,tessan.com,6%,CPS,Yes,https://linksredirect.com/?cid=226556&source=api&url=https%3A%2F%2Ftessan.com%2F
Pre-approved (open),12994,The Ayurveda Experience,theayurvedaexperience.com,3.75%,CPS,Yes,https://linksredirect.com/?cid=226556&source=api&url=https%3A%2F%2Ftheayurvedaexperience.com%2F
Pre-approved (open),6456,The Bear House,thebearhouse.com,11.25%,CPS,Yes,https://linksredirect.com/?cid=226556&source=api&url=https%3A%2F%2Fthebearhouse.com%2F
Pre-approved (open),7052,The Double F - UK,thedoublef.com,3.75%,CPS,Yes,https://linksredirect.com/?cid=226556&source=api&url=https%3A%2F%2Fwww.thedoublef.com%2F
Pre-approved (open),42218,The Formal Club,theformalclub.in,3%,CPS,Yes,https://linksredirect.com/?cid=226556&source=api&url=https%3A%2F%2Ftheformalclub.in%2F
Pre-approved (open),5082,The Fragrance Shop,thefragranceshop.co.uk,1.5%,CPS,Yes,https://linksredirect.com/?cid=226556&source=api&url=https%3A%2F%2Fwww.thefragranceshop.co.uk%2F
Pre-approved (open),7882,The Framery,theframery.com,3.75%,CPS,Yes,https://linksredirect.com/?cid=226556&source=api&url=https%3A%2F%2Fwww.theframery.com%2F
Pre-approved (open),52587,The Granville Island Pet Treatery Corp,pettreatery.com,7.5%,CPS,Yes,https://linksredirect.com/?cid=226556&source=api&url=https%3A%2F%2Fpettreatery.com
Pre-approved (open),24203,The Great Courses Plus,thegreatcoursesplus.com,3.75%,CPS,Yes,https://linksredirect.com/?cid=226556&source=api&url=https%3A%2F%2Fwww.thegreatcoursesplus.com%2F
Pre-approved (open),42755,The Gut Co,thegutco.com.au,7.5%,CPS,Yes,https://linksredirect.com/?cid=226556&source=api&url=https%3A%2F%2Fthegutco.com.au%2F
Pre-approved (open),4474,The House of Rare,thehouseofrare.com,3%,CPS,Yes,https://linksredirect.com/?cid=226556&source=api&url=https%3A%2F%2Fthehouseofrare.com%2F
Pre-approved (open),2514,The Man Company,themancompany.com,10.5%,CPS,Yes,https://linksredirect.com/?cid=226556&source=api&url=https%3A%2F%2Fwww.themancompany.com%2F
Pre-approved (open),11125,THE ORFY,theorfy.com,18.75%,CPS,Yes,https://linksredirect.com/?cid=226556&source=api&url=https%3A%2F%2Ftheorfy.com
Pre-approved (open),56819,The Trost,thetrost.com,9%,CPS,Yes,https://linksredirect.com/?cid=226556&source=api&url=https%3A%2F%2Fthetrost.com%2F
Pre-approved (open),13668,The Very Warm,theverywarm.com,11.25%,CPS,Yes,https://linksredirect.com/?cid=226556&source=api&url=https%3A%2F%2Fwww.theverywarm.com%2F
Pre-approved (open),79312,The Wallet Store,thewalletstore.in,5.25%,CPS,Yes,https://linksredirect.com/?cid=226556&source=api&url=https%3A%2F%2Fwww.thewalletstore.in%2F
Pre-approved (open),13927,Thefitville,thefitville.com,7.13%,CPS,Yes,https://linksredirect.com/?cid=226556&source=api&url=https%3A%2F%2Fthefitville.com%2F
Pre-approved (open),55536,ThePhiladelphiaInquirer,inquirer.com,5.25 INR,CPS,No,https://linksredirect.com/?cid=226556&source=api&url=https%3A%2F%2Fwww.inquirer.com%2F
Pre-approved (open),4869,Thermopro (US),buythermopro.com,15%,CPS,Yes,https://linksredirect.com/?cid=226556&source=api&url=https%3A%2F%2Fbuythermopro.com%2F
Pre-approved (open),7703,Thewoodveneerhub,thewoodveneerhub.com,3.56%,CPS,Yes,https://linksredirect.com/?cid=226556&source=api&url=https%3A%2F%2Fwww.thewoodveneerhub.com%2F
Pre-approved (open),5549,Thisshop TH,thisshop.com,3.15%,CPS,Yes,https://linksredirect.com/?cid=226556&source=api&url=https%3A%2F%2Fm1.thisshop.com%2Fm%2Fapptransfer
Pre-approved (open),29374,Thordata,thordata.com,37.5%,CPS,Yes,https://linksredirect.com/?cid=226556&source=api&url=https%3A%2F%2Fwww.thordata.com
Pre-approved (open),7328,ThriftBooks,thriftbooks.com,1.8%,CPS,Yes,https://linksredirect.com/?cid=226556&source=api&url=https%3A%2F%2Fwww.thriftbooks.com%2F
Pre-approved (open),744,Thrifty Car Rental,thrifty.com,2.25%,CPS,Yes,https://linksredirect.com/?cid=226556&source=api&url=https%3A%2F%2Fwww.thrifty.com
Pre-approved (open),35552,Thrillophilia,thrillophilia.com,4050 INR,CPS,Yes,https://linksredirect.com/?cid=226556&source=api&url=https%3A%2F%2Fwww.thrillophilia.com%2F
Pre-approved (open),4291,tiket,tiket.com,2.63%,CPS,Yes,https://linksredirect.com/?cid=226556&source=api&url=https%3A%2F%2Fwww.tiket.com%2F
Pre-approved (open),35152,Tiktok App - IOS,apple.com,75 INR,CPI - IOS,No,https://linksredirect.com/?cid=226556&source=api&url=https%3A%2F%2Fapps.apple.com%2Fus%2Fapp%2Ftiktok-videos-shop-live%2Fid835599320
Pre-approved (open),5856,TikTok Business,tiktok.com,15%,CPS,Yes,https://linksredirect.com/?cid=226556&source=api&url=https%3A%2F%2Fgetstarted.tiktok.com%2Fttam-partners
Pre-approved (open),4638,Timex,timexindia.com,7.5%,CPS,Yes,https://linksredirect.com/?cid=226556&source=api&url=https%3A%2F%2Fshop.timexindia.com%2F
Pre-approved (open),7274,Tiny Land,tinylandus.com,8.55%,CPS,Yes,https://linksredirect.com/?cid=226556&source=api&url=https%3A%2F%2Fwww.tinylandus.com%2F
Pre-approved (open),4787,Tiqets,tiqets.com,4.5%,CPS,Yes,https://linksredirect.com/?cid=226556&source=api&url=https%3A%2F%2Fwww.tiqets.com%2Fen%2F
Pre-approved (open),4688,Titan Skinn,skinn.in,7.5%,CPS,Yes,https://linksredirect.com/?cid=226556&source=api&url=https%3A%2F%2Fwww.skinn.in%2F
Pre-approved (open),3398,Titan Watches,titan.co.in,5.25%,CPS,Yes,https://linksredirect.com/?cid=226556&source=api&url=https%3A%2F%2Fwww.titan.co.in%2F
Pre-approved (open),78287,TM Perfume,tmperfumehouse.com,9%,CPS,Yes,https://linksredirect.com/?cid=226556&source=api&url=https%3A%2F%2Ftmperfumehouse.com%2F
Pre-approved (open),40863,Todaytix,todaytix.com,1.05%,CPS,Yes,https://linksredirect.com/?cid=226556&source=api&url=https%3A%2F%2Fwww.todaytix.com%2F
Pre-approved (open),5222,Tomaz Shoes,tomaz.my,3.15%,CPS,Yes,https://linksredirect.com/?cid=226556&source=api&url=https%3A%2F%2Ftomaz.my%2F
Pre-approved (open),5355,Tommy Hilfiger,tommy.com,1.5%,CPS,Yes,https://linksredirect.com/?cid=226556&source=api&url=https%3A%2F%2Fusa.tommy.com%2Fen%2F
Pre-approved (open),54164,Tonic Living,tonicliving.com,3.75%,CPS,Yes,https://linksredirect.com/?cid=226556&source=api&url=https%3A%2F%2Fwww.tonicliving.com
Pre-approved (open),20195,Toolstoday,toolstoday.com,2.63%,CPS,Yes,https://linksredirect.com/?cid=226556&source=api&url=https%3A%2F%2Fwww.toolstoday.com
Pre-approved (open),4533,TopResume,topresume.com,3.56%,CPS,Yes,https://linksredirect.com/?cid=226556&source=api&url=https%3A%2F%2Fwww.topresume.com%2F
Pre-approved (open),54185,TORRO,torro.co.uk,7.5%,CPS,Yes,https://linksredirect.com/?cid=226556&source=api&url=http%3A%2F%2Fwww.torro.co.uk%2F
Pre-approved (open),54183,Torro AU,torro-au.com,7.5%,CPS,Yes,https://linksredirect.com/?cid=226556&source=api&url=https%3A%2F%2Ftorro-au.com%2F%3Fsrsltid%3DAfmBOorJNx6b8FQ03BYnyBBM85VtycibAOTkpry2nE2uAQ1mP8DH-CUK
Pre-approved (open),27481,TORRO USA,torrousa.com,7.5%,CPS,Yes,https://linksredirect.com/?cid=226556&source=api&url=https%3A%2F%2Ftorrousa.com
Pre-approved (open),7469,Total Image MY - CPS,totalimage.com.my,4.2%,CPS,Yes,https://linksredirect.com/?cid=226556&source=api&url=https%3A%2F%2Ftotalimage.com.my%2F
Pre-approved (open),39911,Toucan Cocktails,toucancocktails.com,3.75%,CPS,Yes,https://linksredirect.com/?cid=226556&source=api&url=https%3A%2F%2Ftoucancocktails.com
Pre-approved (open),6563,Touchstone Essentials,thegoodinside.com,0.38%,CPS,Yes,https://linksredirect.com/?cid=226556&source=api&url=https%3A%2F%2Faff.thegoodinside.com%2F
Pre-approved (open),4965,Toys Central,toycentral.com.hk,4.35%,CPS,Yes,https://linksredirect.com/?cid=226556&source=api&url=https%3A%2F%2Ftoycentral.com.hk%2F
Pre-approved (open),39715,Tradifyhq,tradifyhq.com,37.5%,CPS,Yes,https://linksredirect.com/?cid=226556&source=api&url=https%3A%2F%2Fwww.tradifyhq.com%2F
Pre-approved (open),27190,Trafalgar,trafalgar.com,2.63%,CPS,Yes,https://linksredirect.com/?cid=226556&source=api&url=https%3A%2F%2Fwww.trafalgar.com%2F
Pre-approved (open),13356,Trainual,trainual.com,7.5%,CPS,Yes,https://linksredirect.com/?cid=226556&source=api&url=https%3A%2F%2Ftrainual.com%2F
Pre-approved (open),12163,Travel Code,travel-code.com,16210.1 INR,CPS,Yes,https://linksredirect.com/?cid=226556&source=api&url=https%3A%2F%2Ftravel-code.com%2F
Pre-approved (open),37699,Travelocity Partnerships CA,travelocity.ca,3%,CPS,Yes,https://linksredirect.com/?cid=226556&source=api&url=https%3A%2F%2Fwww.travelocity.ca%2F
Pre-approved (open),11178,Traveloka Australia,traveloka.com,3.41%,CPS,No,https://linksredirect.com/?cid=226556&source=api&url=https%3A%2F%2Fwww.traveloka.com%2Fen-au
Pre-approved (open),36263,Traveloka India,traveloka.com,2.36%,CPS,No,https://linksredirect.com/?cid=226556&source=api&url=https%3A%2F%2Fwww.traveloka.com%2Fen-en
Pre-approved (open),8599,Traveloka Indonesia,traveloka.com,0.27%,CPS,Yes,https://linksredirect.com/?cid=226556&source=api&url=https%3A%2F%2Fwww.traveloka.com%2Fid-id
Pre-approved (open),11208,Traveloka JP - CPS,traveloka.com,3.41%,CPS,Yes,https://linksredirect.com/?cid=226556&source=api&url=https%3A%2F%2Fwww.traveloka.com%2Fja-jp
Pre-approved (open),9611,Traveloka Malaysia,traveloka.com,2.59%,CPS,No,https://linksredirect.com/?cid=226556&source=api&url=https%3A%2F%2Fwww.traveloka.com%2Fms-my
Pre-approved (open),6338,Traveloka Singapore,traveloka.com,3.15%,CPS,No,https://linksredirect.com/?cid=226556&source=api&url=https%3A%2F%2Fwww.traveloka.com%2Fen-sg
Pre-approved (open),9619,Traveloka Thailand,traveloka.com,2.6%,CPS,No,https://linksredirect.com/?cid=226556&source=api&url=https%3A%2F%2Fwww.traveloka.com%2Fth-th
Pre-approved (open),5416,Travelstart,travelstart.co.za,490.91 INR,CPS,No,https://linksredirect.com/?cid=226556&source=api&url=https%3A%2F%2Fwww.travelstart.co.za%2F
Pre-approved (open),7137,Travis Perkins UK,travisperkins.co.uk,1.8%,CPS,No,https://linksredirect.com/?cid=226556&source=api&url=https%3A%2F%2Fwww.travisperkins.co.uk%2F
Pre-approved (open),3529,Trip.com,trip.com,4.13%,CPS,Yes,https://linksredirect.com/?cid=226556&source=api&url=https%3A%2F%2Fwww.trip.com%2F
Pre-approved (open),37502,Triple Bristle,triplebristle.com,7.5%,CPS,Yes,https://linksredirect.com/?cid=226556&source=api&url=https%3A%2F%2Fwww.triplebristle.com%2F
Pre-approved (open),79324,Tripo,tripo3d.ai,45%,CPS,Yes,https://linksredirect.com/?cid=226556&source=api&url=https%3A%2F%2Fstudio.tripo3d.ai%2F
Pre-approved (open),2516,Trivago,trivago.sg,7.78 INR,CPS,Yes,https://linksredirect.com/?cid=226556&source=api&url=https%3A%2F%2Fwww.trivago.sg%2F
Pre-approved (open),35714,Trucktok,trucktok.com,8.55%,CPS,Yes,https://linksredirect.com/?cid=226556&source=api&url=https%3A%2F%2Fwww.trucktok.com%2F
Pre-approved (open),65238,Truecaller,truecaller.com,13.13%,CPS,Yes,https://linksredirect.com/?cid=226556&source=api&url=https%3A%2F%2Fwww.truecaller.com
Pre-approved (open),63622,Trunativ,trunativ.co,15.75%,CPS,No,https://linksredirect.com/?cid=226556&source=api&url=https%3A%2F%2Ftrunativ.co%2F
Pre-approved (open),20540,TSAR BOMBA WATCHES,tsarbomba.com,3.75%,CPS,Yes,https://linksredirect.com/?cid=226556&source=api&url=https%3A%2F%2Ftsarbomba.com%2F
Pre-approved (open),31237,Ttsopenai,ttsopenai.com,7.5%,CPS,No,https://linksredirect.com/?cid=226556&source=api&url=https%3A%2F%2Fttsopenai.com%2F
Pre-approved (open),5591,Tumi - APAC,tumi.sg,3.75%,CPS,Yes,https://linksredirect.com/?cid=226556&source=api&url=https%3A%2F%2Fwww.tumi.sg%2F
Pre-approved (open),5455,TunePat,tunepat.com,28.5%,CPS,Yes,https://linksredirect.com/?cid=226556&source=api&url=https%3A%2F%2Fwww.tunepat.com%2F
Pre-approved (open),68929,Twofunnygirls,twofunnygirls.com,7.5%,CPS,Yes,https://linksredirect.com/?cid=226556&source=api&url=https%3A%2F%2Fwww.twofunnygirls.com
Pre-approved (open),5436,TYMO BEAUTY,tymobeauty.com,2.25%,CPS,Yes,https://linksredirect.com/?cid=226556&source=api&url=https%3A%2F%2Ftymobeauty.com%2F
Pre-approved (open),37554,Tyresnmore,tyresnmore.com,4.5%,CPS,Yes,https://linksredirect.com/?cid=226556&source=api&url=https%3A%2F%2Ftyresnmore.com%2F
Pre-approved (open),54316,Ubiyam,ubiyam.com,15%,CPS,Yes,https://linksredirect.com/?cid=226556&source=api&url=https%3A%2F%2Fubiyam.com%2F
Pre-approved (open),4069,Udacity,udacity.com,18.75%,CPS,Yes,https://linksredirect.com/?cid=226556&source=api&url=https%3A%2F%2Fwww.udacity.com%2F
Pre-approved (open),32828,ulanzi,ulanzi.com,7.5%,CPS,Yes,https://linksredirect.com/?cid=226556&source=api&url=https%3A%2F%2Fwww.ulanzi.com
Pre-approved (open),8626,Ulike - DE,ulike.com,7.13%,CPS,Yes,https://linksredirect.com/?cid=226556&source=api&url=https%3A%2F%2Fde.ulike.com%2F
Pre-approved (open),6182,Ulike - UK,ulike.com,7.5%,CPS,Yes,https://linksredirect.com/?cid=226556&source=api&url=https%3A%2F%2Fuk.ulike.com%2F
Pre-approved (open),6396,Ultahost,ultahost.com,28.5%,CPS,Yes,https://linksredirect.com/?cid=226556&source=api&url=https%3A%2F%2Fultahost.com%2F
Pre-approved (open),25370,Ultrahuman,ultrahuman.com,4.99%,CPS,Yes,https://linksredirect.com/?cid=226556&source=api&url=https%3A%2F%2Fwww.ultrahuman.com%2F
Pre-approved (open),35312,Unbounce,unbounce.com,32.42 INR,CPS,Yes,https://linksredirect.com/?cid=226556&source=api&url=https%3A%2F%2Funbounce.com%2F
Pre-approved (open),5111,Under Armour Hong Kong,underarmour.hk,7.5%,CPS,Yes,https://linksredirect.com/?cid=226556&source=api&url=https%3A%2F%2Fwww.underarmour.hk%2Fen-hk%2F
Pre-approved (open),80169,Underratedclub,underratedclub.com,7.5%,CPS,Yes,https://linksredirect.com/?cid=226556&source=api&url=https%3A%2F%2Fwww.underratedclub.com%2F
Pre-approved (open),35311,Underwriter AI,underwriter.dev,7.5%,CPS,Yes,https://linksredirect.com/?cid=226556&source=api&url=https%3A%2F%2Fapp.underwriter.dev%2F
Pre-approved (open),4860,Unice,unice.com,4.5%,CPS,Yes,https://linksredirect.com/?cid=226556&source=api&url=https%3A%2F%2Fwww.unice.com%2F
Pre-approved (open),5457,Unicoeye,unicoeye.com,14.25%,CPS,Yes,https://linksredirect.com/?cid=226556&source=api&url=https%3A%2F%2Funicoeye.com%2F
Pre-approved (open),9462,Unifi - MY,unifi.com.my,1167.13 INR,CPS,Yes,https://linksredirect.com/?cid=226556&source=api&url=https%3A%2F%2Funifi.com.my%2Fall-in-one
Pre-approved (open),35065,Union Bank Credit Card,unionbankph.com,5.25 INR,CPL,No,https://linksredirect.com/?cid=226556&source=api&url=https%3A%2F%2Fapply.cc-pl.unionbankph.com%2FPLCC%2FPrequalification_PrincipalCC
Pre-approved (open),7891,Unipin,unipin.com,1.42%,CPS,Yes,https://linksredirect.com/?cid=226556&source=api&url=https%3A%2F%2Fwww.unipin.com%2F
Pre-approved (open),4482,Uniqlo,uniqlo.com,3%,CPS,Yes,https://linksredirect.com/?cid=226556&source=api&url=https%3A%2F%2Fwww.uniqlo.com%2Fin%2Fen%2F
Pre-approved (open),5795,Uniqlo - SG,uniqlo.com,2.1%,CPS,Yes,https://linksredirect.com/?cid=226556&source=api&url=https%3A%2F%2Fwww.uniqlo.com%2Fsg%2Fen%2F
Pre-approved (open),29917,Uniqode,uniqode.com,18.75%,CPS,Yes,https://linksredirect.com/?cid=226556&source=api&url=https%3A%2F%2Fwww.uniqode.com
Pre-approved (open),59702,UNIT 1 - Amazon (USA),unit1gear.com,11.25%,CPS,Yes,https://linksredirect.com/?cid=226556&source=api&url=https%3A%2F%2Fwww.unit1gear.com
Pre-approved (open),6096,UOB CC CPL - TH,uobthailand.com,324.2 INR,CPL,No,https://linksredirect.com/?cid=226556&source=api&url=https%3A%2F%2Fforms.uobthailand.com%2Fappforms%2Fcontactus%2Fonlineapp-creditcard.page
Pre-approved (open),6506,Uperfect,uperfectmonitor.com,7.13%,CPS,Yes,https://linksredirect.com/?cid=226556&source=api&url=https%3A%2F%2Fwww.uperfectmonitor.com%2F
Pre-approved (open),4460,Upgrad,upgrad.com,12%,CPS,Yes,https://linksredirect.com/?cid=226556&source=api&url=https%3A%2F%2Fwww.upgrad.com%2F
Pre-approved (open),40255,Uppercase,uppercase.co.in,18.75%,CPS,Yes,https://linksredirect.com/?cid=226556&source=api&url=https%3A%2F%2Fuppercase.co.in%2F
Pre-approved (open),80641,Uptownie,uptownie.com,10.88%,CPS,Yes,https://linksredirect.com/?cid=226556&source=api&url=https%3A%2F%2Fuptownie.com%2F
Pre-approved (open),9617,Upwork,upwork.com,49.88%,CPS,Yes,https://linksredirect.com/?cid=226556&source=api&url=https%3A%2F%2Fwww.upwork.com%2F
Pre-approved (open),16759,USLegalForms,uslegalforms.com,1539.96 INR,CPS,Yes,https://linksredirect.com/?cid=226556&source=api&url=https%3A%2F%2Fwww.uslegalforms.com%2F
Pre-approved (open),2067,Ustraa,ustraa.com,15%,CPS,Yes,https://linksredirect.com/?cid=226556&source=api&url=https%3A%2F%2Fwww.ustraa.com%2F
Pre-approved (open),9587,Utensileria Online,utensileriaonline.it,6%,CPS,Yes,https://linksredirect.com/?cid=226556&source=api&url=https%3A%2F%2Fwww.utensileriaonline.it%2F
Pre-approved (open),9580,Utoya (US),utoya.com,11.25%,CPS,Yes,https://linksredirect.com/?cid=226556&source=api&url=https%3A%2F%2Futoya.com%2F
Pre-approved (open),76446,V2fun,v2fun.ai,22.5%,CPS,Yes,https://linksredirect.com/?cid=226556&source=api&url=https%3A%2F%2Fv2fun.ai%2F
Pre-approved (open),36663,Valerio 1966,valerio1966.com,4.28%,CPS,Yes,https://linksredirect.com/?cid=226556&source=api&url=https%3A%2F%2Fwww.valerio1966.com%2Fit%2Fhome%2F
Pre-approved (open),32004,Valerion,valerion.com,3.75%,CPS,Yes,https://linksredirect.com/?cid=226556&source=api&url=https%3A%2F%2Fwww.valerion.com%2F
Pre-approved (open),22365,Vanpowers,vanpowers.com,5.25%,CPS,Yes,https://linksredirect.com/?cid=226556&source=api&url=https%3A%2F%2Fwww.vanpowers.com
Pre-approved (open),17902,Vayyar Imaging LTD (WALABOT),walabot.com,6%,CPS,Yes,https://linksredirect.com/?cid=226556&source=api&url=https%3A%2F%2Fwalabot.com%2F%3Futm_source%3DShareASale%26utm_medium%3Dreferral%26utm_campaign%3Dwalabotdiy
Pre-approved (open),56869,Veda Oils,vedaoils.com,7.13%,CPS,Yes,https://linksredirect.com/?cid=226556&source=api&url=https%3A%2F%2Fwww.vedaoils.com%2F
Pre-approved (open),2732,Vedantu,vedantu.com,6%,CPS,Yes,https://linksredirect.com/?cid=226556&source=api&url=https%3A%2F%2Fwww.vedantu.com
Pre-approved (open),25097,Veeam,veeam.com,6%,CPS,Yes,https://linksredirect.com/?cid=226556&source=api&url=https%3A%2F%2Fwww.veeam.com
Pre-approved (open),6549,veed,veed.io,7.5%,CPS,Yes,https://linksredirect.com/?cid=226556&source=api&url=https%3A%2F%2Fwww.veed.io%2F
Pre-approved (open),45511,Venue,venuemarketplace.com,7.5%,CPS,Yes,https://linksredirect.com/?cid=226556&source=api&url=https%3A%2F%2Fvenuemarketplace.com%2F
Pre-approved (open),3649,Vero Moda,veromoda.in,8.1%,CPS,Yes,https://linksredirect.com/?cid=226556&source=api&url=https%3A%2F%2Fwww.veromoda.in%2F
Pre-approved (open),7445,Verpex,verpex.com,52.5 INR,CPS,No,https://linksredirect.com/?cid=226556&source=api&url=https%3A%2F%2Fverpex.com%2F
Pre-approved (open),7275,VEVOR - AU,vevor.com.au,3.56%,CPS,Yes,https://linksredirect.com/?cid=226556&source=api&url=https%3A%2F%2Fwww.vevor.com.au%2F
Pre-approved (open),7317,VEVOR CA,vevor.ca,3.56%,CPS,Yes,https://linksredirect.com/?cid=226556&source=api&url=https%3A%2F%2Fwww.vevor.ca%2F
Pre-approved (open),4765,Vevor US,vevor.com,3%,CPS,No,https://linksredirect.com/?cid=226556&source=api&url=https%3A%2F%2Fwww.vevor.com%2F
Pre-approved (open),32811,Victory Tailgate,victorytailgate.com,7.13%,CPS,Yes,https://linksredirect.com/?cid=226556&source=api&url=https%3A%2F%2Fwww.victorytailgate.com%2F
Pre-approved (open),8098,Vidaxl.nl,vidaxl.nl,4.2%,CPS,Yes,https://linksredirect.com/?cid=226556&source=api&url=https%3A%2F%2Fwww.vidaxl.nl
Pre-approved (open),26149,Vietnamairlines,vietnamairlines.com,0.86%,CPS,No,https://linksredirect.com/?cid=226556&source=api&url=https%3A%2F%2Fwww.vietnamairlines.com
Pre-approved (open),4164,Vijay Sales,vijaysales.com,4.31%,CPS,Yes,https://linksredirect.com/?cid=226556&source=api&url=https%3A%2F%2Fwww.vijaysales.com%2F
Pre-approved (open),6362,Viking IE,vikingdirect.ie,2.25%,CPS,Yes,https://linksredirect.com/?cid=226556&source=api&url=https%3A%2F%2Fwww.vikingdirect.ie
Pre-approved (open),6361,Viking NL,vikingdirect.nl,2.25%,CPS,Yes,https://linksredirect.com/?cid=226556&source=api&url=https%3A%2F%2Fwww.vikingdirect.nl%2Fnl%2F
Pre-approved (open),8918,vilagale,vilagale.com,3.15%,CPS,Yes,https://linksredirect.com/?cid=226556&source=api&url=https%3A%2F%2Fwww.vilagale.com%2F
Pre-approved (open),12216,Vilebrequin,vilebrequin.com,5.25%,CPS,Yes,https://linksredirect.com/?cid=226556&source=api&url=https%3A%2F%2Fwww.vilebrequin.com%2F
Pre-approved (open),6684,VIPShop - HK,vipshop.hk,3.15%,CPS,Yes,https://linksredirect.com/?cid=226556&source=api&url=https%3A%2F%2Fwww.vipshop.hk%2F
Pre-approved (open),6687,VIPShop - MY,vipshop.my,2.63%,CPS,Yes,https://linksredirect.com/?cid=226556&source=api&url=https%3A%2F%2Fwww.vipshop.my%2F
Pre-approved (open),6686,VIPShop - PH,vipshop.com.ph,4.2%,CPS,Yes,https://linksredirect.com/?cid=226556&source=api&url=https%3A%2F%2Fwww.vipshop.com.ph%2F
Pre-approved (open),6697,VIPShop - SG,vipshop.sg,4.2%,CPS,Yes,https://linksredirect.com/?cid=226556&source=api&url=https%3A%2F%2Fwww.vipshop.sg%2F
Pre-approved (open),6696,VIPShop - TH,vipshop.co.th,4.2%,CPS,Yes,https://linksredirect.com/?cid=226556&source=api&url=https%3A%2F%2Fwww.vipshop.co.th%2F
Pre-approved (open),6053,Viqure,viqure.com,7.5%,CPS,Yes,https://linksredirect.com/?cid=226556&source=api&url=https%3A%2F%2Fwww.viqure.com
Pre-approved (open),8296,Visible,visible.com,26.25 INR,CPS,Yes,https://linksredirect.com/?cid=226556&source=api&url=https%3A%2F%2Fwww.visible.com
Pre-approved (open),54535,Viski,viski.com,5.25%,CPS,Yes,https://linksredirect.com/?cid=226556&source=api&url=https%3A%2F%2Fviski.com%2F%3Futm_source%3DShareasale%2B-%2BViski%26utm_medium%3DText%2BLink%26utm_campaign%3DText%2Blink%26utm_id%3D1799748
Pre-approved (open),32824,Vista Social,vistasocial.com,14.25%,CPS,Yes,https://linksredirect.com/?cid=226556&source=api&url=https%3A%2F%2Fvistasocial.com%2F
Pre-approved (open),9536,Vivint,vivint.com,22.5%,CPS,Yes,https://linksredirect.com/?cid=226556&source=api&url=https%3A%2F%2Fwww.vivint.com%2Fshop
Pre-approved (open),6692,Vodien,vodien.com,356.25 INR,CPS,Yes,https://linksredirect.com/?cid=226556&source=api&url=https%3A%2F%2Fwww.vodien.com%2F
Pre-approved (open),6352,Voghion,voghion.com,8.55%,CPS,Yes,https://linksredirect.com/?cid=226556&source=api&url=https%3A%2F%2Fwww.voghion.com%2F
Pre-approved (open),7875,Volcano,volcano.pl,5.25%,CPS,Yes,https://linksredirect.com/?cid=226556&source=api&url=https%3A%2F%2Fvolcano.pl%2F
Pre-approved (open),40287,Vollyc,vollyc.com,7.13%,CPS,Yes,https://linksredirect.com/?cid=226556&source=api&url=https%3A%2F%2Fvollyc.com%2F
Pre-approved (open),36661,Voyage Eyewear,voyageeyewear.com,18%,CPS,Yes,https://linksredirect.com/?cid=226556&source=api&url=https%3A%2F%2Fwww.voyageeyewear.com%2F
Pre-approved (open),37673,Vozo,vozo.ai,17.81%,CPS,Yes,https://linksredirect.com/?cid=226556&source=api&url=https%3A%2F%2Fwww.vozo.ai%2F
Pre-approved (open),40217,VSGO,vsgotech.com,10.69%,CPS,Yes,https://linksredirect.com/?cid=226556&source=api&url=https%3A%2F%2Fvsgotech.com%2F
Pre-approved (open),78286,VZY OTT App,google.com,187.5 INR,CPI - Android,No,https://linksredirect.com/?cid=226556&source=api&url=https%3A%2F%2Fplay.google.com%2Fstore%2Fapps%2Fdetails%3Fid%3Dcom.vzy.one
Pre-approved (open),5016,Wakeup,mywakeup.in,3.75%,CPS,Yes,https://linksredirect.com/?cid=226556&source=api&url=https%3A%2F%2Fmywakeup.in%2F
Pre-approved (open),6497,WalkingPad,walkingpad.com,9%,CPS,No,https://linksredirect.com/?cid=226556&source=api&url=https%3A%2F%2Fwww.walkingpad.com%2F
Pre-approved (open),5519,Wallis UK,wallis.co.uk,3.75%,CPS,Yes,https://linksredirect.com/?cid=226556&source=api&url=https%3A%2F%2Fwww.wallis.co.uk%2F
Pre-approved (open),22164,Wallpaperdream,wallpaperdream.com,6.75%,CPS,Yes,https://linksredirect.com/?cid=226556&source=api&url=https%3A%2F%2Fwww.wallpaperdream.com
Pre-approved (open),38157,Warmies,warmies.com,5.25%,CPS,Yes,https://linksredirect.com/?cid=226556&source=api&url=https%3A%2F%2Fwarmies.com%2F
Pre-approved (open),57672,Warrior World,warriorworld.in,3.75%,CPS,Yes,https://linksredirect.com/?cid=226556&source=api&url=https%3A%2F%2Fwarriorworld.in%2F
Pre-approved (open),7273,Waterdrop,waterdropfilter.co.uk,5.7%,CPS,No,https://linksredirect.com/?cid=226556&source=api&url=https%3A%2F%2Fwww.waterdropfilter.co.uk%2F
Pre-approved (open),31233,Wati,wati.io,3.75%,CPS,Yes,https://linksredirect.com/?cid=226556&source=api&url=https%3A%2F%2Fwww.wati.io
Pre-approved (open),4417,Watsons (HK),watsons.com.hk,2.63%,CPS,Yes,https://linksredirect.com/?cid=226556&source=api&url=https%3A%2F%2Fwww.watsons.com.hk%2Fzh-hk%2F
Pre-approved (open),5441,Watsons ID,watsons.co.id,2.63%,CPS,Yes,https://linksredirect.com/?cid=226556&source=api&url=https%3A%2F%2Fwww.watsons.co.id%2F
Pre-approved (open),5242,Watsons Malaysia,watsons.com.my,2.1%,CPS,Yes,https://linksredirect.com/?cid=226556&source=api&url=https%3A%2F%2Fwww.watsons.com.my%2F
Pre-approved (open),33860,Webcatalog,webcatalog.io,18.75%,CPS,Yes,https://linksredirect.com/?cid=226556&source=api&url=https%3A%2F%2Fwww.webcatalog.io
Pre-approved (open),54697,WebHosting UK Com Ltd.,webhosting.uk.com,45%,CPS,Yes,https://linksredirect.com/?cid=226556&source=api&url=https%3A%2F%2Fwww.webhosting.uk.com%2F
Pre-approved (open),9149,Wecreat,wecreat.com,3.75%,CPS,Yes,https://linksredirect.com/?cid=226556&source=api&url=https%3A%2F%2Fwww.wecreat.com
Pre-approved (open),73315,Wedtrend,wedtrend.com,4.2%,CPS,Yes,https://linksredirect.com/?cid=226556&source=api&url=https%3A%2F%2Fwww.wedtrend.com
Pre-approved (open),33699,Wegic,wegic.ai,28.5%,CPS,Yes,https://linksredirect.com/?cid=226556&source=api&url=https%3A%2F%2Fwegic.ai%2F
Pre-approved (open),54715,Welax,welaxhome.com,7.5%,CPS,Yes,https://linksredirect.com/?cid=226556&source=api&url=https%3A%2F%2Fwelaxhome.com%2F
Pre-approved (open),4469,Wellbeing Nutrition,wellbeingnutrition.com,15%,CPS,No,https://linksredirect.com/?cid=226556&source=api&url=https%3A%2F%2Fwellbeingnutrition.com
Pre-approved (open),31184,Westgateresorts,westgateresorts.com,10.5%,CPS,Yes,https://linksredirect.com/?cid=226556&source=api&url=https%3A%2F%2Fwww.westgateresorts.com
Pre-approved (open),2603,wforwoman,wforwoman.com,5.25%,CPS,Yes,https://linksredirect.com/?cid=226556&source=api&url=https%3A%2F%2Fwww.wforwoman.com%2F
Pre-approved (open),29762,Whatconverts,whatconverts.com,5.25%,CPS,Yes,https://linksredirect.com/?cid=226556&source=api&url=https%3A%2F%2Fwww.whatconverts.com
Pre-approved (open),33165,Wheeltop,wheeltop.com,7.13%,CPS,Yes,https://linksredirect.com/?cid=226556&source=api&url=https%3A%2F%2Fwheeltop.com%2F
Pre-approved (open),7260,Wherelight,wherelight.com,7.13%,CPS,Yes,https://linksredirect.com/?cid=226556&source=api&url=https%3A%2F%2Fwherelight.com%2F
Pre-approved (open),3910,Whirlpool India,whirlpool.in,1.05%,CPS,Yes,https://linksredirect.com/?cid=226556&source=api&url=https%3A%2F%2Findia.whirlpool.in%2F
Pre-approved (open),27226,Whitebridge,whitebridge.ai,1945.22 INR,CPS,No,https://linksredirect.com/?cid=226556&source=api&url=https%3A%2F%2Fwhitebridge.ai%2F
Pre-approved (open),75951,Wiimhome,wiimhome.com,7.5%,CPS,Yes,https://linksredirect.com/?cid=226556&source=api&url=https%3A%2F%2Fwww.wiimhome.com%2F
Pre-approved (open),76497,Wild Stone,wildstone.in,15%,CPS,Yes,https://linksredirect.com/?cid=226556&source=api&url=https%3A%2F%2Fwww.wildstone.in%2F
Pre-approved (open),33460,Willit Sports,willitsports.com,7.5%,CPS,Yes,https://linksredirect.com/?cid=226556&source=api&url=https%3A%2F%2Fwillitsports.com%2F
Pre-approved (open),6472,WineAccess,wineaccess.com,7.13%,CPS,Yes,https://linksredirect.com/?cid=226556&source=api&url=https%3A%2F%2Fwww.wineaccess.com%2F
Pre-approved (open),4870,Winegard (US),winegard.com,3.75%,CPS,Yes,https://linksredirect.com/?cid=226556&source=api&url=https%3A%2F%2Fwinegard.com%2F
Pre-approved (open),54623,WINGGOOD,walkhero.com,18.75%,CPS,Yes,https://linksredirect.com/?cid=226556&source=api&url=https%3A%2F%2Fwalkhero.com
Pre-approved (open),4988,Wingontravel - Flights,wingontravel.com,0.64%,CPS,Yes,https://linksredirect.com/?cid=226556&source=api&url=https%3A%2F%2Fflights.wingontravel.com%2F
Pre-approved (open),7369,WinZip,winzip.com,7.5%,CPS,Yes,https://linksredirect.com/?cid=226556&source=api&url=https%3A%2F%2Fwww.winzip.com%2Fen%2F
Pre-approved (open),5872,Wisdom Essentials,wisdomessentials.com,24.94%,CPS,Yes,https://linksredirect.com/?cid=226556&source=api&url=https%3A%2F%2Fwisdomessentials.com%2F
Pre-approved (open),57662,Wishluck,wishluck.in,11.25%,CPS,Yes,https://linksredirect.com/?cid=226556&source=api&url=https%3A%2F%2Fwww.wishluck.in%2F
Pre-approved (open),4452,Wolf and Badger,wolfandbadger.com,4.2%,CPS,No,https://linksredirect.com/?cid=226556&source=api&url=https%3A%2F%2Fwww.wolfandbadger.com%2F
Pre-approved (open),1808,Wonderchef,wonderchef.com,10.5%,CPS,Yes,https://linksredirect.com/?cid=226556&source=api&url=https%3A%2F%2Fwww.wonderchef.com%2F
Pre-approved (open),4289,WONDERSHARE TECHNOLOGY,wondershare.com,22.5%,CPS,No,https://linksredirect.com/?cid=226556&source=api&url=https%3A%2F%2Fwww.wondershare.com%2F
Pre-approved (open),22420,Woof,mywoof.com,0.75%,CPS,Yes,https://linksredirect.com/?cid=226556&source=api&url=https%3A%2F%2Fmywoof.com%2F
Pre-approved (open),6458,World of Asaya,worldofasaya.com,18.75%,CPS,Yes,https://linksredirect.com/?cid=226556&source=api&url=https%3A%2F%2Fworldofasaya.com%2F
Pre-approved (open),7292,World of Tanks,worldoftanks.asia,739.18 INR,CPS,Yes,https://linksredirect.com/?cid=226556&source=api&url=https%3A%2F%2Fjoin.worldoftanks.asia%2F1600951292%2Fen_apac%2F
Pre-approved (open),6521,World of Warships,worldofwarships.asia,862.38 INR,CPS,Yes,https://linksredirect.com/?cid=226556&source=api&url=https%3A%2F%2Fpromo.worldofwarships.asia%2Fglows-34505%2Fasia-en%2F
Pre-approved (open),37503,WOSPORTS,wosports.com,15%,CPS,Yes,https://linksredirect.com/?cid=226556&source=api&url=https%3A%2F%2Fwosports.com%2F
Pre-approved (open),6012,WPengine,wpengine.com,89.25 INR,CPS,No,https://linksredirect.com/?cid=226556&source=api&url=https%3A%2F%2Fwpengine.com%2F
Pre-approved (open),5152,WPS SOFTWARE,wps.com,36.75%,CPS,Yes,https://linksredirect.com/?cid=226556&source=api&url=https%3A%2F%2Fwww.wps.com%2F
Pre-approved (open),32912,Xandro Lab,xandrolab.com,3.56%,CPS,Yes,https://linksredirect.com/?cid=226556&source=api&url=https%3A%2F%2Fxandrolab.com%2F
Pre-approved (open),7626,xbloom,xbloom.com,6%,CPS,Yes,https://linksredirect.com/?cid=226556&source=api&url=https%3A%2F%2Fxbloom.com%2F
Pre-approved (open),12066,Xiaomi Malaysia,mi.com,1.58%,CPS,No,https://linksredirect.com/?cid=226556&source=api&url=https%3A%2F%2Fwww.mi.com%2Fmy%2Fstore
Pre-approved (open),11210,Xiaomi Singapore,mi.com,1.58%,CPS,No,https://linksredirect.com/?cid=226556&source=api&url=https%3A%2F%2Fwww.mi.com%2Fsg%2F
Pre-approved (open),11196,Xiaomi Thailand,mi.com,1.05%,CPS,No,https://linksredirect.com/?cid=226556&source=api&url=https%3A%2F%2Fwww.mi.com%2Fth%2F
Pre-approved (open),44344,xmind,xmind.com,15.75%,CPS,Yes,https://linksredirect.com/?cid=226556&source=api&url=https%3A%2F%2Fxmind.com%2F
Pre-approved (open),5414,Xpluswear,xpluswear.com,3.75%,CPS,Yes,https://linksredirect.com/?cid=226556&source=api&url=https%3A%2F%2Fwww.xpluswear.com%2F
Pre-approved (open),57941,Xteink,xteink.com,6%,CPS,Yes,https://linksredirect.com/?cid=226556&source=api&url=https%3A%2F%2Fwww.xteink.com%2F
Pre-approved (open),37524,Xtusimple bottle,xtusimple.com,10.5%,CPS,Yes,https://linksredirect.com/?cid=226556&source=api&url=https%3A%2F%2Fxtusimple.com%2F
Pre-approved (open),54889,Yeloly,yeloly.com,7.5%,CPS,Yes,https://linksredirect.com/?cid=226556&source=api&url=https%3A%2F%2Fwww.yeloly.com
Pre-approved (open),8574,Yes Bank Pop Club Credit Card,getpopcard.co,1575 INR,CPL,No,https://linksredirect.com/?cid=226556&source=api&url=https%3A%2F%2Fppipl-pp.getpopcard.co%2F
Pre-approved (open),34003,YesChef,yeschef.me,7.5%,CPS,Yes,https://linksredirect.com/?cid=226556&source=api&url=https%3A%2F%2Fyeschef.me%2F
Pre-approved (open),9634,Yesstyle,yesstyle.com,2.63%,CPS,No,https://linksredirect.com/?cid=226556&source=api&url=https%3A%2F%2Fwww.yesstyle.com%2F
Pre-approved (open),16642,YFN,yfn.com,7.5%,CPS,Yes,https://linksredirect.com/?cid=226556&source=api&url=https%3A%2F%2Fwww.yfn.com
Pre-approved (open),5833,Yohomobile.com,yohomobile.com,7.13%,CPS,Yes,https://linksredirect.com/?cid=226556&source=api&url=https%3A%2F%2Fyohomobile.com%2F
Pre-approved (open),5822,Yolissahair,yolissahair.com,2.25%,CPS,Yes,https://linksredirect.com/?cid=226556&source=api&url=https%3A%2F%2Fwww.yolissahair.com%2F
Pre-approved (open),5511,Yolo Foods SG,yolofoods.sg,486.3 INR,CPS,Yes,https://linksredirect.com/?cid=226556&source=api&url=https%3A%2F%2Fyolofoods.sg%2F
Pre-approved (open),34170,Yotpo,yotpo.com,10.5%,CPS,Yes,https://linksredirect.com/?cid=226556&source=api&url=https%3A%2F%2Fwww.yotpo.com
Pre-approved (open),33284,Youngelectricbikes,youngelectricbikes.com,7.13%,CPS,Yes,https://linksredirect.com/?cid=226556&source=api&url=https%3A%2F%2Fyoungelectricbikes.com%2F
Pre-approved (open),55321,z ai,z.ai,7.88%,CPS,Yes,https://linksredirect.com/?cid=226556&source=api&url=https%3A%2F%2Fz.ai%2F
Pre-approved (open),40253,Zagg Credit Card,zagg.money,975 INR,CPL,No,https://linksredirect.com/?cid=226556&source=api&url=https%3A%2F%2Fapp.zagg.money%2Fpnb
Pre-approved (open),424,Zalora Hong Kong,zalora.com.hk,6%,CPS,Yes,https://linksredirect.com/?cid=226556&source=api&url=https%3A%2F%2Fwww.zalora.com.hk%2F
Pre-approved (open),682,Zalora Indonesia,zalora.co.id,6%,CPS,Yes,https://linksredirect.com/?cid=226556&source=api&url=https%3A%2F%2Fwww.zalora.co.id%2F
Pre-approved (open),667,Zalora Malaysia,zalora.com.my,6%,CPS,Yes,https://linksredirect.com/?cid=226556&source=api&url=https%3A%2F%2Fwww.zalora.com.my%2F
Pre-approved (open),1790,Zalora Philippines,zalora.com.ph,6%,CPS,Yes,https://linksredirect.com/?cid=226556&source=api&url=https%3A%2F%2Fwww.zalora.com.ph%2F
Pre-approved (open),374,Zalora Singapore,zalora.sg,6%,CPS,Yes,https://linksredirect.com/?cid=226556&source=api&url=https%3A%2F%2Fwww.zalora.sg%2F
Pre-approved (open),4199,Zandu Care,zanducare.com,10.5%,CPS,Yes,https://linksredirect.com/?cid=226556&source=api&url=https%3A%2F%2Fzanducare.com%2F
Pre-approved (open),34283,Zapaka,zapaka.com,5.7%,CPS,Yes,https://linksredirect.com/?cid=226556&source=api&url=https%3A%2F%2Fzapaka.com%2F
Pre-approved (open),2675,Zappos,zappos.com,1.5%,CPS,Yes,https://linksredirect.com/?cid=226556&source=api&url=https%3A%2F%2Fwww.zappos.com%2F
Pre-approved (open),4866,Zapvi,zapvi.in,5.25%,CPS,Yes,https://linksredirect.com/?cid=226556&source=api&url=https%3A%2F%2Fzapvi.in%2F
Pre-approved (open),54969,zarpouch,zarpouch.com,7.5%,CPS,Yes,https://linksredirect.com/?cid=226556&source=api&url=https%3A%2F%2Fzarpouch.com
Pre-approved (open),5634,Zeagoo,zeagoo.com,9%,CPS,Yes,https://linksredirect.com/?cid=226556&source=api&url=https%3A%2F%2Fzeagoo.com
Pre-approved (open),11873,Zen Hotels,zenhotels.com,3%,CPS,No,https://linksredirect.com/?cid=226556&source=api&url=https%3A%2F%2Fwww.zenhotels.com%2F
Pre-approved (open),18441,Zendrop,zendrop.com,13.13 INR,CPS,Yes,https://linksredirect.com/?cid=226556&source=api&url=https%3A%2F%2Fwww.zendrop.com%2F
Pre-approved (open),6813,ZenniOptical,zennioptical.com,1.8%,CPS,Yes,https://linksredirect.com/?cid=226556&source=api&url=https%3A%2F%2Fwww.zennioptical.com%2F
Pre-approved (open),29984,Zenzap,zenzap.co,15%,CPS,Yes,https://linksredirect.com/?cid=226556&source=api&url=https%3A%2F%2Fwww.zenzap.co
Pre-approved (open),33300,Zerobounce,zerobounce.net,12.83%,CPS,Yes,https://linksredirect.com/?cid=226556&source=api&url=https%3A%2F%2Fwww.zerobounce.net%2F
Pre-approved (open),5391,Zeroharm,zeroharm.in,7.5%,CPS,Yes,https://linksredirect.com/?cid=226556&source=api&url=https%3A%2F%2Fwww.zeroharm.in%2F
Pre-approved (open),80491,Zhangle App,google.com,5381.76 INR,CPL,No,https://linksredirect.com/?cid=226556&source=api&url=https%3A%2F%2Fplay.google.com%2Fstore%2Fapps%2Fdetails%3Fid%3Dcom.lphtsccft.zlqqt2
Pre-approved (open),73885,Ziba,ziba-skincare.com,15%,CPS,Yes,https://linksredirect.com/?cid=226556&source=api&url=https%3A%2F%2Fziba-skincare.com%2F
Pre-approved (open),28186,Zlikehair,zlikehair.com,7.5%,CPS,Yes,https://linksredirect.com/?cid=226556&source=api&url=https%3A%2F%2Fwww.zlikehair.com
Pre-approved (open),19798,Zolucky,zolucky.com,7.13%,CPS,Yes,https://linksredirect.com/?cid=226556&source=api&url=https%3A%2F%2Fzolucky.com%2F
Pre-approved (open),37286,Zooplus.pl,zooplus.pl,1.05%,CPS,Yes,https://linksredirect.com/?cid=226556&source=api&url=https%3A%2F%2Fwww.zooplus.pl%2F
Pre-approved (open),32803,ZOP,zop.in,3%,CPS,Yes,https://linksredirect.com/?cid=226556&source=api&url=https%3A%2F%2Fwww.zop.in%2F
Pre-approved (open),4865,Zouk,zouk.co.in,7.5%,CPS,Yes,https://linksredirect.com/?cid=226556&source=api&url=https%3A%2F%2Fzouk.co.in%2F
Pre-approved (open),25762,Zoviz,zoviz.com,30%,CPS,Yes,https://linksredirect.com/?cid=226556&source=api&url=https%3A%2F%2Fzoviz.com
Pre-approved (open),4574,Zupapa,zupapa.us,6%,CPS,No,https://linksredirect.com/?cid=226556&source=api&url=https%3A%2F%2Fwww.zupapa.us%2F
Pre-approved (open),3624,Zurich Kotak Car Insurance,zurichkotak.com,22.5%,CPL,No,https://linksredirect.com/?cid=226556&source=api&url=https%3A%2F%2Fwww.zurichkotak.com%2Fmotor-insurance%2Fcar-insurance
